Workbook

Sheet RESUMEN
A1: FACTURACIÓN ENTREGA DE DATAFONO A GESTORES
A2: 1 AL 3O DE DICIEMBRE 2025
A3: WOMPI
A4: CONCEPTOS | B4: CANTIDAD | C4: TOTAL
A5: ENTREGA DE DATAFONOS EN BODEGAS | B5: =COUNTA('ENTREGA DE DATAFONOS EN BODEGAS'!A:A)-1 -> 783 | C5: ='ENTREGA DE DATAFONOS EN BODEGAS'!W785 -> 60581744
A6: SUBTOTAL | C6: =SUM(C5:C5) -> 60581744
A7: Iva | C7: =C6*0.19 -> 11510531
A8: TOTAL | C8: =SUM(C6:C7) -> 72092275

Sheet BASE TARIFA 2025
A1: PROPONENTE | B1: TIPO ACTIVIDAD | C1: BODEGA | D1: CENTRO DE COSTOS | E1: ENTREGA DE DATAFONOS EN BODEGAS | F1: ENTREGA DE ROLLOS EN BODEGAS
A2: WOMPI (SOLICITUD ADICIONAL) | B2: ENTREGA DE DATAFONOS EN BODEGAS UBICADAS EN CIUDADES PRINCIPALES | C2: MEDELLIN | D2: WOMPI NOROCCIDENTE | E2: 37313 | F2: 15709.5
A3: WOMPI (SOLICITUD ADICIONAL) | B3: ENTREGA DE DATAFONOS EN BODEGAS UBICADAS EN CIUDADES PRINCIPALES | C3: BOGOTA | D3: WOMPI CENTRO | E3: 37313 | F3: 15709.5
A4: WOMPI (SOLICITUD ADICIONAL) | B4: ENTREGA DE DATAFONOS EN BODEGAS UBICADAS EN CIUDADES PRINCIPALES | C4: CALI | D4: WOMPI SUROCCIDENTE | E4: 37313 | F4: 15709.5
A5: WOMPI (SOLICITUD ADICIONAL) | B5: ENTREGA DE DATAFONOS EN BODEGAS UBICADAS EN CIUDADES PRINCIPALES | C5: PEREIRA | D5: WOMPI EJE CAFETERO | E5: 37313 | F5: 15709.5
A6: WOMPI (SOLICITUD ADICIONAL) | B6: ENTREGA DE DATAFONOS EN BODEGAS UBICADAS EN CIUDADES PRINCIPALES | C6: BARRANQUILLA | D6: WOMPI COSTA | E6: 37313 | F6: 15709.5
A7: WOMPI (SOLICITUD ADICIONAL) | B7: ENTREGA DE DATAFONOS EN BODEGAS UBICADAS EN CIUDADES PRINCIPALES | C7: BUCARAMANGA | D7: WOMPI SANTANDERES | E7: 37313 | F7: 15709.5
A8: WOMPI (SOLICITUD ADICIONAL) | B8: ENTREGA DE DATAFONOS EN BODEGAS UBICADAS EN CIUDADES PRINCIPALES | C8: MONTERIA | D8: WOMPI COSTA | E8: 37313 | F8: 15709.5
A9: WOMPI (SOLICITUD ADICIONAL) | B9: ENTREGA DE DATAFONOS EN BODEGAS UBICADAS EN CIUDADES REMOTAS CERTIFICADAS | C9: CUCUTA | D9: WOMPI SANTANDERES | E9: 49671.7 | F9: 28277.1
A10: WOMPI (SOLICITUD ADICIONAL) | B10: ENTREGA DE DATAFONOS EN BODEGAS UBICADAS EN CIUDADES REMOTAS CERTIFICADAS | C10: NEIVA | D10: WOMPI ORIENTE | E10: 49671.7 | F10: 28277.1
A11: WOMPI (SOLICITUD ADICIONAL) | B11: ENTREGA DE DATAFONOS EN BODEGAS UBICADAS EN CIUDADES REMOTAS CERTIFICADAS | C11: SANTA MARTA | D11: WOMPI COSTA | E11: 49671.7 | F11: 28277.1
A12: WOMPI (SOLICITUD ADICIONAL) | B12: ENTREGA DE DATAFONOS EN BODEGAS UBICADAS EN CIUDADES REMOTAS CERTIFICADAS | C12: TUNJA | D12: WOMPI SANTANDERES | E12: 49671.7 | F12: 28277.1
A13: WOMPI (SOLICITUD ADICIONAL) | B13: ENTREGA DE DATAFONOS EN BODEGAS UBICADAS EN CIUDADES REMOTAS CERTIFICADAS | C13: VILLAVICENCIO | D13: WOMPI ORIENTE | E13: 49671.7 | F13: 28277.1
... A23: WOMPI (SOLICITUD ADICIONAL) | B23: ENTREGA DE DATAFONOS EN BODEGAS UBICADAS EN CIUDADES REMOTAS NO CERTIFICADAS | C23: YOPAL | D23: WOMPI ORIENTE | E23: 49671.7 | F23: 28277.1

Sheet ENTREGA DE DATAFONOS EN BODEGAS
A1: Codigo_Punto | B1: Nombre_Punto | C1: Nit_CC_Persona | D1: TelefonoCB | E1: Celular_Contacto1 | F1: Celular_dueno | G1: Dirección_Establecimiento | H1: Latitud | I1: Longitud | J1: Departamento | K1: Municipio | L1: Corregimiento | M1: Codigo_Dane | N1: Fecha_Migracion | O1: Formulario | P1: Forma de atención | Q1: Descripción de la Solución | R1: Estado | S1: Cantidad de quipos por CB | T1: Bodega | U1: Centro_de_Costos | V1: Valor por datáfono | W1: valor total
A2: 15190 | B2: BARRIO CALATRAVA ITAGUI | C2: 70786438 | D2: 3762974 | E2: 3147834317 | F2: 3209825116 | G2: CR 59A 57-04 CALATRAVA | H2: 6.1796942 | I2: -75.6092411 | J2: ANTIOQUIA | K2: ITAGÜÍ | L2: ITAGÜÍ | M2: 5360 | N2: 2025-12-04 | S2: =VLOOKUP(A2,Hoja1!A:D,4,0) -> 4 | T2: =VLOOKUP(M2,[1]TIPOLOGIAS!$A:$F,4,0) -> MEDELLIN | U2: =VLOOKUP(T2,'BASE TARIFA 2025'!C:D,2,0) -> WOMPI NOROCCIDENTE | V2: =VLOOKUP(T2,'BASE TARIFA 2025'!C:F,3,0) -> 37313 | W2: =V2*S2 -> 149252
A3: 78376 | B3: BARRIO PLAZA MAYORISTA ITAGUI 1 | C3: 8353513 | D3: 3116351859 | E3: 3117912430 | F3: 3192876016 | G3: CL 85 48 1 BL 8 LC 16,CENTRAL MAYORISTA DE ANTIOQUIA | H3: 6.1891746 | I3: -75.5914119 | J3: ANTIOQUIA | K3: ITAGÜÍ | L3: ITAGÜÍ | M3: 5360 | N3: 2025-12-01 | S3: =VLOOKUP(A3,Hoja1!A:D,4,0) -> 2 | T3: =VLOOKUP(M3,[1]TIPOLOGIAS!$A:$F,4,0) -> MEDELLIN | U3: =VLOOKUP(T3,'BASE TARIFA 2025'!C:D,2,0) -> WOMPI NOROCCIDENTE | V3: =VLOOKUP(T3,'BASE TARIFA 2025'!C:F,3,0) -> 37313 | W3: =V3*S3 -> 74626
A4: 77534 | B4: BARRIO SAN JOSE ITAGUI 2 | C4: 901583748 | D4: 0 | E4: 3136046087 | F4: 3104251385 | G4: CL 36 A 38 30,SAN JOSE | H4: 6.1660099 | I4: -75.6135985 | J4: ANTIOQUIA | K4: ITAGÜÍ | L4: ITAGÜÍ | M4: 5360 | N4: 2025-12-01 | S4: =VLOOKUP(A4,Hoja1!A:D,4,0) -> 2 | T4: =VLOOKUP(M4,[1]TIPOLOGIAS!$A:$F,4,0) -> MEDELLIN | U4: =VLOOKUP(T4,'BASE TARIFA 2025'!C:D,2,0) -> WOMPI NOROCCIDENTE | V4: =VLOOKUP(T4,'BASE TARIFA 2025'!C:F,3,0) -> 37313 | W4: =V4*S4 -> 74626
A5: 77399 | B5: BARRIO ITAGUI ITAGUI 28 | C5: 28056870 | D5: 3117713940 | E5: 3117713940 | F5: 3208484493 | G5: CR 50 85 153 LC 1,ITAGUI | H5: 6.191957 | I5: -75.590091 | J5: ANTIOQUIA | K5: ITAGÜÍ | L5: ITAGÜÍ | M5: 5360 | N5: 2025-12-01 | S5: =VLOOKUP(A5,Hoja1!A:D,4,0) -> 3 | T5: =VLOOKUP(M5,[1]TIPOLOGIAS!$A:$F,4,0) -> MEDELLIN | U5: =VLOOKUP(T5,'BASE TARIFA 2025'!C:D,2,0) -> WOMPI NOROCCIDENTE | V5: =VLOOKUP(T5,'BASE TARIFA 2025'!C:F,3,0) -> 37313 | W5: =V5*S5 -> 111939
A6: 73721 | B6: BARRIO ITAGUI SANTA MARIA ITAGUI 1 | C6: 1129508911 | D6: 3192107219 | E6: 3192107219 | F6: 3192107219 | G6: CALLE 31 50 C 37,ITAGÜÍ SANTAMARÍA | H6: 6.1636230 | I6: -75.6242027 | J6: ANTIOQUIA | K6: ITAGÜÍ | L6: ITAGÜÍ | M6: 5360 | N6: 2025-12-01 | S6: =VLOOKUP(A6,Hoja1!A:D,4,0) -> 1 | T6: =VLOOKUP(M6,[1]TIPOLOGIAS!$A:$F,4,0) -> MEDELLIN | U6: =VLOOKUP(T6,'BASE TARIFA 2025'!C:D,2,0) -> WOMPI NOROCCIDENTE | V6: =VLOOKUP(T6,'BASE TARIFA 2025'!C:F,3,0) -> 37313 | W6: =V6*S6 -> 37313
A7: 72556 | B7: SAMARIA ITAGUI ANTIOQUIA | C7: 901340974 | D7: 2776243 | E7: 3136143749 | F7: 3136143749 | G7: CALLE 34 A 54 A 64,SAMARIA | H7: 6.1679867 | I7: -75.6245184 | J7: ANTIOQUIA | K7: ITAGÜÍ | L7: ITAGÜÍ | M7: 5360 | N7: 2025-12-03 | S7: =VLOOKUP(A7,Hoja1!A:D,4,0) -> 1 | T7: =VLOOKUP(M7,[1]TIPOLOGIAS!$A:$F,4,0) -> MEDELLIN | U7: =VLOOKUP(T7,'BASE TARIFA 2025'!C:D,2,0) -> WOMPI NOROCCIDENTE | V7: =VLOOKUP(T7,'BASE TARIFA 2025'!C:F,3,0) -> 37313 | W7: =V7*S7 -> 37313
A8: 44132 | B8: BARRIO ITAGUI ITAGUI 4 | C8: 800046457 | D8: 4445499 | E8: 3108442514 | F8: 3103741199 | G8: CL 72 42 - 33 LC 101 CE Capri Centro BRR La Esmeralda | H8: 6.1790439 | I8: -75.5930340 | J8: ANTIOQUIA | K8: ITAGÜÍ | L8: ITAGÜÍ | M8: 5360 | N8: 2025-12-01 | S8: =VLOOKUP(A8,Hoja1!A:D,4,0) -> 1 | T8: =VLOOKUP(M8,[1]TIPOLOGIAS!$A:$F,4,0) -> MEDELLIN | U8: =VLOOKUP(T8,'BASE TARIFA 2025'!C:D,2,0) -> WOMPI NOROCCIDENTE | V8: =VLOOKUP(T8,'BASE TARIFA 2025'!C:F,3,0) -> 37313 | W8: =V8*S8 -> 37313
A9: 46735 | B9: BARRIO ITAGUI ITAGUI 8 | C9: 900872708 | D9: 3720051 | E9: 3002919589 | F9: 3002919589 | G9: CL 49 48 52,ITAGUI | H9: 6.1704157 | I9: -75.6100435 | J9: ANTIOQUIA | K9: ITAGÜÍ | L9: ITAGÜÍ | M9: 5360 | N9: 2025-12-03 | S9: =VLOOKUP(A9,Hoja1!A:D,4,0) -> 2 | T9: =VLOOKUP(M9,[1]TIPOLOGIAS!$A:$F,4,0) -> MEDELLIN | U9: =VLOOKUP(T9,'BASE TARIFA 2025'!C:D,2,0) -> WOMPI NOROCCIDENTE | V9: =VLOOKUP(T9,'BASE TARIFA 2025'!C:F,3,0) -> 37313 | W9: =V9*S9 -> 74626
A10: 44593 | B10: BARRIO SANTA MARIA MEDELLIN | C10: 901340974 | D10: 2776243 | E10: 3195730489 | F10: 3195730489 | G10: CR 52 D 68 16,SANTA MARÍA | H10: 6.1828006 | I10: -75.6000425 | J10: ANTIOQUIA | K10: ITAGÜÍ | L10: ITAGÜÍ | M10: 5360 | N10: 2025-12-04 | S10: =VLOOKUP(A10,Hoja1!A:D,4,0) -> 1 | T10: =VLOOKUP(M10,[1]TIPOLOGIAS!$A:$F,4,0) -> MEDELLIN | U10: =VLOOKUP(T10,'BASE TARIFA 2025'!C:D,2,0) -> WOMPI NOROCCIDENTE | V10: =VLOOKUP(T10,'BASE TARIFA 2025'!C:F,3,0) -> 37313 | W10: =V10*S10 -> 37313
A11: 33798 | B11: BARRIO SAMARIA ITAGUI 2 | C11: 900014642 | D11: 3227815 | E11: 3218122144 | F11: 3217806471 | G11: CL 75 A A SUR 52 G 36 | H11: 6.1633840 | I11: -75.6351319 | J11: ANTIOQUIA | K11: ITAGÜÍ | L11: ITAGÜÍ | M11: 5360 | N11: 2025-12-03 | S11: =VLOOKUP(A11,Hoja1!A:D,4,0) -> 3 | T11: =VLOOKUP(M11,[1]TIPOLOGIAS!$A:$F,4,0) -> MEDELLIN | U11: =VLOOKUP(T11,'BASE TARIFA 2025'!C:D,2,0) -> WOMPI NOROCCIDENTE | V11: =VLOOKUP(T11,'BASE TARIFA 2025'!C:F,3,0) -> 37313 | W11: =V11*S11 -> 111939
A12: 37129 | B12: BARRIO ASTURIAS ITAGUI | C12: 10183532 | D12: 6125923 | E12: 3116266883 | F12: 3116266883 | G12: CL 47 48 13 ASTURIAS | H12: 6.16951777 | I12: -75.6110402 | J12: ANTIOQUIA | K12: ITAGÜÍ | L12: ITAGÜÍ | M12: 5360 | N12: 2025-12-01 | S12: =VLOOKUP(A12,Hoja1!A:D,4,0) -> 2 | T12: =VLOOKUP(M12,[1]TIPOLOGIAS!$A:$F,4,0) -> MEDELLIN | U12: =VLOOKUP(T12,'BASE TARIFA 2025'!C:D,2,0) -> WOMPI NOROCCIDENTE | V12: =VLOOKUP(T12,'BASE TARIFA 2025'!C:F,3,0) -> 37313 | W12: =V12*S12 -> 74626
A13: 34176 | B13: BARRIO PARQUE ITAGUI 5 | C13: 1037586135 | D13: 2819792 | E13: 3015133808 | F13: 3015133808 | G13: CR 50 50 66 LC 124 | H13: 6.1719033 | I13: -75.6090500 | J13: ANTIOQUIA | K13: ITAGÜÍ | L13: ITAGÜÍ | M13: 5360 | N13: 2025-12-03 | S13: =VLOOKUP(A13,Hoja1!A:D,4,0) -> 6 | T13: =VLOOKUP(M13,[1]TIPOLOGIAS!$A:$F,4,0) -> MEDELLIN | U13: =VLOOKUP(T13,'BASE TARIFA 2025'!C:D,2,0) -> WOMPI NOROCCIDENTE | V13: =VLOOKUP(T13,'BASE TARIFA 2025'!C:F,3,0) -> 37313 | W13: =V13*S13 -> 223878
... A18: 18551 | B18: BARRIO SIMON BOLIVAR II ITAGUI | C18: 71992351 | D18: 5992099 | E18: 3116075486 | F18: 3116075486 | G18: CR 45 A 65 27 SIMON BOLIVAR | H18: 6.1784909 | I18: -75.5972578 | J18: ANTIOQUIA | K18: ITAGÜÍ | L18: ITAGÜÍ | M18: 5360 | N18: 2025-12-04 | S18: =VLOOKUP(A18,Hoja1!A:D,4,0) -> 5 | T18: =VLOOKUP(M18,[1]TIPOLOGIAS!$A:$F,4,0) -> MEDELLIN | U18: =VLOOKUP(T18,'BASE TARIFA 2025'!C:D,2,0) -> WOMPI NOROCCIDENTE | V18: =VLOOKUP(T18,'BASE TARIFA 2025'!C:F,3,0) -> 37313 | W18: =V18*S18 -> 186565
A19: 78777 | B19: BARRIO SAN PEDRO BARRANQUILLA | C19: 1046398325 | D19: 3168688837 | E19: 3168688837 | G19: CR 6 LC1 # 102 -04 | H19: 10.9489988 | I19: -74.8329493 | J19: ATLÁNTICO | K19: BARRANQUILLA | L19: BARRANQUILLA | M19: 8001 | N19: 2025-12-05 | S19: =VLOOKUP(A19,Hoja1!A:D,4,0) -> 3 | T19: =VLOOKUP(M19,[1]TIPOLOGIAS!$A:$F,4,0) -> BARRANQUILLA | U19: =VLOOKUP(T19,'BASE TARIFA 2025'!C:D,2,0) -> WOMPI COSTA | V19: =VLOOKUP(T19,'BASE TARIFA 2025'!C:F,3,0) -> 37313 | W19: =V19*S19 -> 111939
A20: 77516 | B20: BARRIO GALAN BARRANQUILLA 6 | C20: 1140896804 | D20: 3022835339 | E20: 3015567707 | F20: 3022835339 | G20: CR 2 39 - 50 P1,GALAN | H20: 10.93495 | I20: -74.79484 | J20: ATLÁNTICO | K20: BARRANQUILLA | L20: BARRANQUILLA | M20: 8001 | N20: 2025-12-03 | S20: =VLOOKUP(A20,Hoja1!A:D,4,0) -> 2 | T20: =VLOOKUP(M20,[1]TIPOLOGIAS!$A:$F,4,0) -> BARRANQUILLA | U20: =VLOOKUP(T20,'BASE TARIFA 2025'!C:D,2,0) -> WOMPI COSTA | V20: =VLOOKUP(T20,'BASE TARIFA 2025'!C:F,3,0) -> 37313 | W20: =V20*S20 -> 74626
A21: 78064 | B21: BARRIO MERCEDES SUR BARRANQUILLA | C21: 8520914 | D21: 3027089849 | E21: 3027089849 | F21: 3205770977 | G21: CR 35 C 76 - 101,MERCEDES SUR | H21: 10.98476 | I21: -74.81783 | J21: ATLÁNTICO | K21: BARRANQUILLA | L21: BARRANQUILLA | M21: 8001 | N21: 2025-12-04 | S21: =VLOOKUP(A21,Hoja1!A:D,4,0) -> 2 | T21: =VLOOKUP(M21,[1]TIPOLOGIAS!$A:$F,4,0) -> BARRANQUILLA | U21: =VLOOKUP(T21,'BASE TARIFA 2025'!C:D,2,0) -> WOMPI COSTA | V21: =VLOOKUP(T21,'BASE TARIFA 2025'!C:F,3,0) -> 37313 | W21: =V21*S21 -> 74626
A22: 77514 | B22: BARRIO CENTRO BARRANQUILLA 52 | C22: 901526326 | D22: 3002141697 | E22: 3023702967 | F22: 3002141697 | G22: CL 40 41 - 83,CENTRO | H22: 10.98167 | I22: -74.78207 | J22: ATLÁNTICO | K22: BARRANQUILLA | L22: BARRANQUILLA | M22: 8001 | N22: 2025-12-04 | S22: =VLOOKUP(A22,Hoja1!A:D,4,0) -> 2 | T22: =VLOOKUP(M22,[1]TIPOLOGIAS!$A:$F,4,0) -> BARRANQUILLA | U22: =VLOOKUP(T22,'BASE TARIFA 2025'!C:D,2,0) -> WOMPI COSTA | V22: =VLOOKUP(T22,'BASE TARIFA 2025'!C:F,3,0) -> 37313 | W22: =V22*S22 -> 74626
A23: 77194 | B23: BARRIO VILLANUEVA BARRANQUILLA 1 | C23: 73550509 | D23: 3157119627 | E23: 3506423188 | F23: 3126652819 | G23: CR 43 08 - 48,VILLANUEVA | H23: 10.98165 | I23: -74.77303 | J23: ATLÁNTICO | K23: BARRANQUILLA | L23: BARRANQUILLA | M23: 8001 | N23: 2025-12-05 | S23: =VLOOKUP(A23,Hoja1!A:D,4,0) -> 2 | T23: =VLOOKUP(M23,[1]TIPOLOGIAS!$A:$F,4,0) -> BARRANQUILLA | U23: =VLOOKUP(T23,'BASE TARIFA 2025'!C:D,2,0) -> WOMPI COSTA | V23: =VLOOKUP(T23,'BASE TARIFA 2025'!C:F,3,0) -> 37313 | W23: =V23*S23 -> 74626
A24: 77215 | B24: BARRIO NUEVA GRANADA BARRANQUILLA 1 | C24: 8709578 | D24: 3237879555 | E24: 3237879555 | F24: 3237879555 | G24: CL 68 32 - 7,NUEVA GRANADA | H24: 10.98102 | I24: -74.80477 | J24: ATLÁNTICO | K24: BARRANQUILLA | L24: BARRANQUILLA | M24: 8001 | N24: 2025-12-04 | S24: =VLOOKUP(A24,Hoja1!A:D,4,0) -> 2 | T24: =VLOOKUP(M24,[1]TIPOLOGIAS!$A:$F,4,0) -> BARRANQUILLA | U24: =VLOOKUP(T24,'BASE TARIFA 2025'!C:D,2,0) -> WOMPI COSTA | V24: =VLOOKUP(T24,'BASE TARIFA 2025'!C:F,3,0) -> 37313 | W24: =V24*S24 -> 74626
A25: 77298 | B25: BARRIO EVARISTO SOURDIS BARRANQUILLA | C25: 1143259355 | D25: 3018014395 | E25: 3018014395 | F25: 3003610821 | G25: CR 9 G 70 C - 55,EVARISTO SOURDIS | H25: 10.95937 | I25: -74.82014 | J25: ATLÁNTICO | K25: BARRANQUILLA | L25: BARRANQUILLA | M25: 8001 | N25: 2025-12-03 | S25: =VLOOKUP(A25,Hoja1!A:D,4,0) -> 2 | T25: =VLOOKUP(M25,[1]TIPOLOGIAS!$A:$F,4,0) -> BARRANQUILLA | U25: =VLOOKUP(T25,'BASE TARIFA 2025'!C:D,2,0) -> WOMPI COSTA | V25: =VLOOKUP(T25,'BASE TARIFA 2025'!C:F,3,0) -> 37313 | W25: =V25*S25 -> 74626
A26: 76876 | B26: BARRIO 7 DE ABRIL BARRANQUILLA 3 | C26: 1042472912 | D26: 3245993871 | E26: 3002690327 | F26: 3245993871 | G26: CL 51 B 7 SUR - 44,7 DE ABRIL | H26: 10.92771 | I26: -74.81407 | J26: ATLÁNTICO | K26: BARRANQUILLA | L26: BARRANQUILLA | M26: 8001 | N26: 2025-12-04 | S26: =VLOOKUP(A26,Hoja1!A:D,4,0) -> 2 | T26: =VLOOKUP(M26,[1]TIPOLOGIAS!$A:$F,4,0) -> BARRANQUILLA | U26: =VLOOKUP(T26,'BASE TARIFA 2025'!C:D,2,0) -> WOMPI COSTA | V26: =VLOOKUP(T26,'BASE TARIFA 2025'!C:F,3,0) -> 37313 | W26: =V26*S26 -> 74626
A27: 74251 | B27: BARRIO ALTOS DEL PRADO BARRANQUILLA | C27: 901449900 | D27: 3017292085 | E27: 3245482276 | F27: 3017292085 | G27: CR 53 75-87,ALTOS DEL PRADO | H27: 11.0017917 | I27: -74.8053730 | J27: ATLÁNTICO | K27: BARRANQUILLA | L27: BARRANQUILLA | M27: 8001 | N27: 2025-12-04 | S27: =VLOOKUP(A27,Hoja1!A:D,4,0) -> 2 | T27: =VLOOKUP(M27,[1]TIPOLOGIAS!$A:$F,4,0) -> BARRANQUILLA | U27: =VLOOKUP(T27,'BASE TARIFA 2025'!C:D,2,0) -> WOMPI COSTA | V27: =VLOOKUP(T27,'BASE TARIFA 2025'!C:F,3,0) -> 37313 | W27: =V27*S27 -> 74626
A28: 75412 | B28: BARRIO LAS MALVINAS BARRANQUILLA 3 | C28: 72263142 | D28: 3104266711 | E28: 3004153169 | F28: 3104266711 | G28: CL 99 C 9 E - 43,LAS MALVINAS | H28: 10.95687 | I28: -74.83266 | J28: ATLÁNTICO | K28: BARRANQUILLA | L28: BARRANQUILLA | M28: 8001 | N28: 2025-12-03 | S28: =VLOOKUP(A28,Hoja1!A:D,4,0) -> 2 | T28: =VLOOKUP(M28,[1]TIPOLOGIAS!$A:$F,4,0) -> BARRANQUILLA | U28: =VLOOKUP(T28,'BASE TARIFA 2025'!C:D,2,0) -> WOMPI COSTA | V28: =VLOOKUP(T28,'BASE TARIFA 2025'!C:F,3,0) -> 37313 | W28: =V28*S28 -> 74626
A29: 73101 | B29: BARRIO LAS NIEVES BARRANQUILLA 5 | C29: 1129518575 | D29: 3008865988 | E29: 3004205276 | F29: 3004205276 | G29: CL 26 21-27,LAS NIEVES | H29: 10.95885 | I29: -74.78160 | J29: ATLÁNTICO | K29: BARRANQUILLA | L29: BARRANQUILLA | M29: 8001 | N29: 2025-12-02 | S29: =VLOOKUP(A29,Hoja1!A:D,4,0) -> 4 | T29: =VLOOKUP(M29,[1]TIPOLOGIAS!$A:$F,4,0) -> BARRANQUILLA | U29: =VLOOKUP(T29,'BASE TARIFA 2025'!C:D,2,0) -> WOMPI COSTA | V29: =VLOOKUP(T29,'BASE TARIFA 2025'!C:F,3,0) -> 37313 | W29: =V29*S29 -> 149252
A30: 74121 | B30: BARRIO CIUDADELA 20 DE JULIO BARRANQUILLA | C30: 1001945227 | D30: 3013911818 | E30: 3008093515 | F30: 3008093515 | G30: CL 45 D 01 F - 21,CIUDADELA 20 DE JULIO | H30: 10.93235 | I30: -74.80072 | J30: ATLÁNTICO | K30: BARRANQUILLA | L30: BARRANQUILLA | M30: 8001 | N30: 2025-12-02 | S30: =VLOOKUP(A30,Hoja1!A:D,4,0) -> 2 | T30: =VLOOKUP(M30,[1]TIPOLOGIAS!$A:$F,4,0) -> BARRANQUILLA | U30: =VLOOKUP(T30,'BASE TARIFA 2025'!C:D,2,0) -> WOMPI COSTA | V30: =VLOOKUP(T30,'BASE TARIFA 2025'!C:F,3,0) -> 37313 | W30: =V30*S30 -> 74626
A31: 74522 | B31: BARRIO LAS NIEVES BARRANQUILLA 6 | C31: 901678042 | D31: 3106669192 | E31: 3106669192 | F31: 3106700410 | G31: CR 11 23-107,LAS NIEVES | H31: 10.95023 | I31: -74.77793 | J31: ATLÁNTICO | K31: BARRANQUILLA | L31: BARRANQUILLA | M31: 8001 | N31: 2025-12-02 | S31: =VLOOKUP(A31,Hoja1!A:D,4,0) -> 2 | T31: =VLOOKUP(M31,[1]TIPOLOGIAS!$A:$F,4,0) -> BARRANQUILLA | U31: =VLOOKUP(T31,'BASE TARIFA 2025'!C:D,2,0) -> WOMPI COSTA | V31: =VLOOKUP(T31,'BASE TARIFA 2025'!C:F,3,0) -> 37313 | W31: =V31*S31 -> 74626
... A35: 69230 | B35: BARRIO LA UNION BARRANQUILLA 2 | C35: 1045674976 | D35: 3136607428 | E35: 0 | F35: 3136607428 | G35: CL 12 12 68,SECTOR EL HOSPITAL | H35: 5.9741124 | I35: -75.3642466 | J35: ANTIOQUIA | K35: LA UNIÓN | L35: LA UNIÓN | M35: 5400 | N35: 2025-11-07 | S35: =VLOOKUP(A35,Hoja1!A:D,4,0) -> 2 | T35: =VLOOKUP(M35,[1]TIPOLOGIAS!$A:$F,4,0) -> MEDELLIN | U35: =VLOOKUP(T35,'BASE TARIFA 2025'!C:D,2,0) -> WOMPI NOROCCIDENTE | V35: =VLOOKUP(T35,'BASE TARIFA 2025'!C:F,3,0) -> 37313 | W35: =V35*S35 -> 74626
A36: 66702 | B36: BARRIO CENTRO BARRANQUILLA 44 | C36: 1042440613 | D36: 3163088919 | E36: 3163088919 | G36: VRD QUIRBAQUIRA, SECTOR CASA BLANCA,VEREDA QUIRBAQUIRA | H36: 5.6912697 | I36: -73.3675628 | J36: BOYACÁ | K36: ARCABUCO | L36: ARCABUCO | M36: 15051 | N36: 2025-11-05 | S36: =VLOOKUP(A36,Hoja1!A:D,4,0) -> 2 | T36: =VLOOKUP(M36,[1]TIPOLOGIAS!$A:$F,4,0) -> TUNJA | U36: =VLOOKUP(T36,'BASE TARIFA 2025'!C:D,2,0) -> WOMPI SANTANDERES | V36: =VLOOKUP(T36,'BASE TARIFA 2025'!C:F,3,0) -> 49671.7 | W36: =V36*S36 -> 99343.4
A37: 64402 | B37: BARRIO GALAN BARRANQUILLA 2 | C37: 901192464 | D37: 3165362959 | E37: 3165362959 | F37: 3165362959 | G37: Carrera 5 # 3 - 31 Centro | H37: 5.454 | I37: -73.362 | J37: BOYACÁ | K37: BOYACÁ | L37: BOYACÁ | M37: 15104 | N37: 2025-11-13 | S37: =VLOOKUP(A37,Hoja1!A:D,4,0) -> 5 | T37: =VLOOKUP(M37,[1]TIPOLOGIAS!$A:$F,4,0) -> TUNJA | U37: =VLOOKUP(T37,'BASE TARIFA 2025'!C:D,2,0) -> WOMPI SANTANDERES | V37: =VLOOKUP(T37,'BASE TARIFA 2025'!C:F,3,0) -> 49671.7 | W37: =V37*S37 -> 248358.5
A38: 63348 | B38: BARRIO ZONA FRANCA BARRANQUILLA 1 | C38: 33172327 | D38: 3144233419 | E38: 3144233419 | F38: 3144233419 | G38: CR 4 A 3 85,CENTRO | H38: 5.4538173 | I38: -73.3630605 | J38: BOYACÁ | K38: BOYACÁ | L38: BOYACÁ | M38: 15104 | N38: 2025-11-13 | S38: =VLOOKUP(A38,Hoja1!A:D,4,0) -> 2 | T38: =VLOOKUP(M38,[1]TIPOLOGIAS!$A:$F,4,0) -> TUNJA | U38: =VLOOKUP(T38,'BASE TARIFA 2025'!C:D,2,0) -> WOMPI SANTANDERES | V38: =VLOOKUP(T38,'BASE TARIFA 2025'!C:F,3,0) -> 49671.7 | W38: =V38*S38 -> 99343.4
A39: 59489 | B39: BARRIO VILLA SAN PEDRO BARRANQUILLA 1 | C39: 8708961 | D39: 3225201619 | E39: 3225201619 | F39: 3225201619 | G39: CR 9 A 3 9,BOYACA BAJO | H39: 5.61052869 | I39: -73.82480853 | J39: BOYACÁ | K39: CHIQUINQUIRÁ | L39: CHIQUINQUIRÁ | M39: 15176 | N39: 2025-11-14 | S39: =VLOOKUP(A39,Hoja1!A:D,4,0) -> 2 | T39: =VLOOKUP(M39,[1]TIPOLOGIAS!$A:$F,4,0) -> TUNJA | U39: =VLOOKUP(T39,'BASE TARIFA 2025'!C:D,2,0) -> WOMPI SANTANDERES | V39: =VLOOKUP(T39,'BASE TARIFA 2025'!C:F,3,0) -> 49671.7 | W39: =V39*S39 -> 99343.4
A40: 54423 | B40: BARRIO CIUDADELA 20 DE JULIO BARRANQUILLA 10 | C40: 1042440613 | D40: 0 | E40: 3103830426 | F40: 3103830426 | G40: CL 42 A NR0. 8 -6 BRR LLERAS | H40: 6.4860518 | I40: -74.4055606 | J40: ANTIOQUIA | K40: PUERTO BERRÍO | L40: PUERTO BERRÍO | M40: 5579 | N40: 2025-11-06 | S40: =VLOOKUP(A40,Hoja1!A:D,4,0) -> 2 | T40: =VLOOKUP(M40,[1]TIPOLOGIAS!$A:$F,4,0) -> MEDELLIN | U40: =VLOOKUP(T40,'BASE TARIFA 2025'!C:D,2,0) -> WOMPI NOROCCIDENTE | V40: =VLOOKUP(T40,'BASE TARIFA 2025'!C:F,3,0) -> 37313 | W40: =V40*S40 -> 74626
A41: 80520 | B41: BARRIO LA QUINTA CARTAGENA DE INDIAS | C41: 901820974 | D41: 8330068 | E41: 3016209379 | F41: 3016209379 | G41: VRD LA MARGARITA,LA MARGARITA | H41: 6.495189 | I41: -74.474370 | J41: ANTIOQUIA | K41: PUERTO BERRÍO | L41: PUERTO BERRÍO | M41: 5579 | N41: 2025-11-06 | S41: =VLOOKUP(A41,Hoja1!A:D,4,0) -> 1 | T41: =VLOOKUP(M41,[1]TIPOLOGIAS!$A:$F,4,0) -> MEDELLIN | U41: =VLOOKUP(T41,'BASE TARIFA 2025'!C:D,2,0) -> WOMPI NOROCCIDENTE | V41: =VLOOKUP(T41,'BASE TARIFA 2025'!C:F,3,0) -> 37313 | W41: =V41*S41 -> 37313
A42: 78900 | B42: BARRIO MANGA CARTAGENA INDIAS | C42: 1007207649 | D42: 0 | E42: 3137979779 | F42: 3137979779 | G42: CR 3 57 97 | H42: 6.4928787 | I42: -74.399246 | J42: ANTIOQUIA | K42: PUERTO BERRÍO | L42: PUERTO BERRÍO | M42: 5579 | N42: 2025-11-07 | S42: =VLOOKUP(A42,Hoja1!A:D,4,0) -> 1 | T42: =VLOOKUP(M42,[1]TIPOLOGIAS!$A:$F,4,0) -> MEDELLIN | U42: =VLOOKUP(T42,'BASE TARIFA 2025'!C:D,2,0) -> WOMPI NOROCCIDENTE | V42: =VLOOKUP(T42,'BASE TARIFA 2025'!C:F,3,0) -> 37313 | W42: =V42*S42 -> 37313
A43: 10182 | B43: NOBSA - BOYACA | C43: 7218435 | D43: 3136557113 | E43: 3136557113 | F43: 3136557113 | G43: CALLE 50 7 20 BRR CENTRO,CENTRO | H43: 6.4896454 | I43: -74.4034766 | J43: ANTIOQUIA | K43: PUERTO BERRÍO | L43: PUERTO BERRÍO | M43: 5579 | N43: 2025-11-07 | S43: =VLOOKUP(A43,Hoja1!A:D,4,0) -> 1 | T43: =VLOOKUP(M43,[1]TIPOLOGIAS!$A:$F,4,0) -> MEDELLIN | U43: =VLOOKUP(T43,'BASE TARIFA 2025'!C:D,2,0) -> WOMPI NOROCCIDENTE | V43: =VLOOKUP(T43,'BASE TARIFA 2025'!C:F,3,0) -> 37313 | W43: =V43*S43 -> 37313
A44: 39438 | B44: BARRIO JERONIMO HOLGUIN NOBSA | C44: 7218435 | D44: 0 | E44: 3229306882 | F44: 3229306882 | G44: VRA MINAS DEL VAPOR - VDA MINAS DEL VAPOR ,VRA MINAS DEL VAPOR | H44: 6.4564882 | I44: -74.6306562 | J44: ANTIOQUIA | K44: PUERTO BERRÍO | L44: PUERTO BERRÍO | M44: 5579 | N44: 2025-11-10 | S44: =VLOOKUP(A44,Hoja1!A:D,4,0) -> 1 | T44: =VLOOKUP(M44,[1]TIPOLOGIAS!$A:$F,4,0) -> MEDELLIN | U44: =VLOOKUP(T44,'BASE TARIFA 2025'!C:D,2,0) -> WOMPI NOROCCIDENTE | V44: =VLOOKUP(T44,'BASE TARIFA 2025'!C:F,3,0) -> 37313 | W44: =V44*S44 -> 37313
A45: 71811 | B45: BARRIO CENTRO NOBSA | C45: 46383377 | D45: 8821750 | E45: 3103292709 | F45: 3103292709 | G45: CL 54 7-13 LA GRANJA | H45: 5.56117952 | I45: -73.34892293 | J45: BOYACÁ | K45: TUNJA | L45: TUNJA | M45: 15001 | N45: 2025-11-20 | S45: =VLOOKUP(A45,Hoja1!A:D,4,0) -> 1 | T45: =VLOOKUP(M45,[1]TIPOLOGIAS!$A:$F,4,0) -> TUNJA | U45: =VLOOKUP(T45,'BASE TARIFA 2025'!C:D,2,0) -> WOMPI SANTANDERES | V45: =VLOOKUP(T45,'BASE TARIFA 2025'!C:F,3,0) -> 49671.7 | W45: =V45*S45 -> 49671.7
A46: 51286 | B46: BARRIO BUENOS AIRES BARRANQUILLA 1 | C46: 1143135432 | D46: 3108181835 | E46: 3143145414 | F46: 3143145414 | G46: CR 8 B 58 05,SANTA RITA | H46: 5.5653133 | I46: -73.3478377 | J46: BOYACÁ | K46: TUNJA | L46: TUNJA | M46: 15001 | N46: 2025-11-05 | S46: =VLOOKUP(A46,Hoja1!A:D,4,0) -> 2 | T46: =VLOOKUP(M46,[1]TIPOLOGIAS!$A:$F,4,0) -> TUNJA | U46: =VLOOKUP(T46,'BASE TARIFA 2025'!C:D,2,0) -> WOMPI SANTANDERES | V46: =VLOOKUP(T46,'BASE TARIFA 2025'!C:F,3,0) -> 49671.7 | W46: =V46*S46 -> 99343.4
A47: 50827 | B47: BARRIO EL ROMANCE BARRANQUILLA | C47: 32836762 | D47: 3228080370 | E47: 3228080370 | F47: 3228080370 | G47: CR 9 20 09,CENTRO | H47: 5.53291885 | I47: -73.36089901 | J47: BOYACÁ | K47: TUNJA | L47: TUNJA | M47: 15001 | N47: 2025-11-20 | S47: =VLOOKUP(A47,Hoja1!A:D,4,0) -> 3 | T47: =VLOOKUP(M47,[1]TIPOLOGIAS!$A:$F,4,0) -> TUNJA | U47: =VLOOKUP(T47,'BASE TARIFA 2025'!C:D,2,0) -> WOMPI SANTANDERES | V47: =VLOOKUP(T47,'BASE TARIFA 2025'!C:F,3,0) -> 49671.7 | W47: =V47*S47 -> 149015.1
A48: 51688 | B48: BARRIO BETANIA BARRANQUILLA 1 | C48: 32869593 | D48: 3102533408 | E48: 3102533400 | F48: 3102533400 | G48: CL 34 B 16 B 16,LA FUENTE | H48: 5.54800902 | I48: -73.36447181 | J48: BOYACÁ | K48: TUNJA | L48: TUNJA | M48: 15001 | N48: 2025-11-20 | S48: =VLOOKUP(A48,Hoja1!A:D,4,0) -> 2 | T48: =VLOOKUP(M48,[1]TIPOLOGIAS!$A:$F,4,0) -> TUNJA | U48: =VLOOKUP(T48,'BASE TARIFA 2025'!C:D,2,0) -> WOMPI SANTANDERES | V48: =VLOOKUP(T48,'BASE TARIFA 2025'!C:F,3,0) -> 49671.7 | W48: =V48*S48 -> 99343.4
... A52: 37719 | B52: BARRIO CENTRO BARRANQUILLA 6 | C52: 72200736 | D52: 2815772 | E52: 3004564538 | F52: 3229709071 | G52: CL 76 45 A 23 | H52: 6.1831241 | I52: -75.5921676 | J52: ANTIOQUIA | K52: ITAGÜÍ | L52: ITAGÜÍ | M52: 5360 | N52: 2025-11-20 | S52: =VLOOKUP(A52,Hoja1!A:D,4,0) -> 1 | T52: =VLOOKUP(M52,[1]TIPOLOGIAS!$A:$F,4,0) -> MEDELLIN | U52: =VLOOKUP(T52,'BASE TARIFA 2025'!C:D,2,0) -> WOMPI NOROCCIDENTE | V52: =VLOOKUP(T52,'BASE TARIFA 2025'!C:F,3,0) -> 37313 | W52: =V52*S52 -> 37313
A53: 76444 | B53: BARRIO LAS GAVIOSTAS CARTAGENA DE INDIAS | C53: 23133427 | E53: 3115984971 | F53: 3115984971 | G53: CL PRINCIPAL DE SAN ANTONIO DE GETUCHA | H53: 1.0999342 | I53: -75.4022001 | J53: CAQUETÁ | K53: MILÁN | L53: MILÁN | M53: 18460 | N53: 2025-11-21 | S53: =VLOOKUP(A53,Hoja1!A:D,4,0) -> 2 | T53: =VLOOKUP(M53,[1]TIPOLOGIAS!$A:$F,4,0) -> NEIVA | U53: =VLOOKUP(T53,'BASE TARIFA 2025'!C:D,2,0) -> WOMPI ORIENTE | V53: =VLOOKUP(T53,'BASE TARIFA 2025'!C:F,3,0) -> 49671.7 | W53: =V53*S53 -> 99343.4
A54: 74906 | B54: BARRIO TERMINAL DE TRANSPORTE CARTAGENA 1 | C54: 1045420782 | E54: 3124344457 | F54: 3124344457 | G54: CL PRINCIPAL IPM SAN ANTONIO DE GETUCHA SAN ANTONIO GETUCHA | H54: 1.098474166 | I54: -75.40140972 | J54: CAQUETÁ | K54: MILÁN | L54: MILÁN | M54: 18460 | N54: 2025-11-21 | S54: =VLOOKUP(A54,Hoja1!A:D,4,0) -> 1 | T54: =VLOOKUP(M54,[1]TIPOLOGIAS!$A:$F,4,0) -> NEIVA | U54: =VLOOKUP(T54,'BASE TARIFA 2025'!C:D,2,0) -> WOMPI ORIENTE | V54: =VLOOKUP(T54,'BASE TARIFA 2025'!C:F,3,0) -> 49671.7 | W54: =V54*S54 -> 49671.7
A55: 73154 | B55: BARRIO CIUDADELA INDIA CATALINA CARTAGENA DE INDIAS 2 | C55: 25878577 | D55: 3212068788 | E55: 3212068788 | F55: 3212068788 | G55: CL PRINCIPAL MANZANA 9,CENTRO | H55: 1.0999974 | I55: -75.4022003 | J55: CAQUETÁ | K55: MILÁN | L55: MILÁN | M55: 18460 | N55: 2025-11-21 | S55: =VLOOKUP(A55,Hoja1!A:D,4,0) -> 2 | T55: =VLOOKUP(M55,[1]TIPOLOGIAS!$A:$F,4,0) -> NEIVA | U55: =VLOOKUP(T55,'BASE TARIFA 2025'!C:D,2,0) -> WOMPI ORIENTE | V55: =VLOOKUP(T55,'BASE TARIFA 2025'!C:F,3,0) -> 49671.7 | W55: =V55*S55 -> 99343.4
A56: 74080 | B56: BARRIO NUEVO BOSQUE CARTAGENA DE INDIAS 7 | C56: 1235038058 | D56: 3234014949 | E56: 3106240241 | F56: 3106240241 | G56: PLAZA PRINCIPAL DEL PROGRESO 17 35 ,brrEL PROGRESO | H56: 9.019334 | I56: -76.261506 | J56: CÓRDOBA | K56: PUERTO ESCONDIDO | L56: PUERTO ESCONDIDO | M56: 23574 | N56: 2025-11-28 | S56: =VLOOKUP(A56,Hoja1!A:D,4,0) -> 2 | T56: =VLOOKUP(M56,[1]TIPOLOGIAS!$A:$F,4,0) -> MONTERIA | U56: =VLOOKUP(T56,'BASE TARIFA 2025'!C:D,2,0) -> WOMPI COSTA | V56: =VLOOKUP(T56,'BASE TARIFA 2025'!C:F,3,0) -> 37313 | W56: =V56*S56 -> 74626
A57: 34790 | B57: BARRIO LAS AMERICAS BARRANQUILLA | C57: 55240390 | D57: 3186385 | E57: 3116827824 | F57: 3116827824 | G57: CL 1 1 119 | H57: 9.1838259 | I57: -75.5481295 | J57: CÓRDOBA | K57: TUCHÍN | L57: TUCHÍN | M57: 23815 | N57: 2025-11-10 | S57: =VLOOKUP(A57,Hoja1!A:D,4,0) -> 2 | T57: =VLOOKUP(M57,[1]TIPOLOGIAS!$A:$F,4,0) -> MONTERIA | U57: =VLOOKUP(T57,'BASE TARIFA 2025'!C:D,2,0) -> WOMPI COSTA | V57: =VLOOKUP(T57,'BASE TARIFA 2025'!C:F,3,0) -> 37313 | W57: =V57*S57 -> 74626
A58: 28367 | B58: BARRIO BARRANQUILLITA 2 BARRANQUILLA | C58: 4253436 | D58: 7856529 | E58: 3004483217 | F58: 3004483217 | G58: CL 13 CR 13 A 85 BARRIO CENTRAL | H58: 9.1868027 | I58: -75.5545002 | J58: CÓRDOBA | K58: TUCHÍN | L58: TUCHÍN | M58: 23815 | N58: 2025-11-10 | S58: =VLOOKUP(A58,Hoja1!A:D,4,0) -> 4 | T58: =VLOOKUP(M58,[1]TIPOLOGIAS!$A:$F,4,0) -> MONTERIA | U58: =VLOOKUP(T58,'BASE TARIFA 2025'!C:D,2,0) -> WOMPI COSTA | V58: =VLOOKUP(T58,'BASE TARIFA 2025'!C:F,3,0) -> 37313 | W58: =V58*S58 -> 149252
A59: 29786 | B59: BARRIO CEIBA BARRANQUILLA | C59: 900691120 | D59: 3017479723 | E59: 3145144465 | F59: 3145144465 | G59: CL 15 12-34 FRENTE AL PARQUE,EL CENTRO | H59: 9.18719 | I59: -75.55416 | J59: CÓRDOBA | K59: TUCHÍN | L59: TUCHÍN | M59: 23815 | N59: 2025-11-10 | S59: =VLOOKUP(A59,Hoja1!A:D,4,0) -> 1 | T59: =VLOOKUP(M59,[1]TIPOLOGIAS!$A:$F,4,0) -> MONTERIA | U59: =VLOOKUP(T59,'BASE TARIFA 2025'!C:D,2,0) -> WOMPI COSTA | V59: =VLOOKUP(T59,'BASE TARIFA 2025'!C:F,3,0) -> 37313 | W59: =V59*S59 -> 37313
A60: 27937 | B60: BARRIO LAS MORAS BARRANQUILLA | C60: 22517110 | D60: 3004573086 | E60: 3004573086 | F60: 3004573086 | G60: CL 14 15 C 33,SAN PEDRO | H60: 9.1872295 | I60: -75.5560865 | J60: CÓRDOBA | K60: TUCHÍN | L60: TUCHÍN | M60: 23815 | N60: 2025-11-10 | S60: =VLOOKUP(A60,Hoja1!A:D,4,0) -> 5 | T60: =VLOOKUP(M60,[1]TIPOLOGIAS!$A:$F,4,0) -> MONTERIA | U60: =VLOOKUP(T60,'BASE TARIFA 2025'!C:D,2,0) -> WOMPI COSTA | V60: =VLOOKUP(T60,'BASE TARIFA 2025'!C:F,3,0) -> 37313 | W60: =V60*S60 -> 186565
A61: 26911 | B61: BARRIO BETANIA LOS PATIOS | C61: 60310580 | D61: 3138796610 | E61: 3138796610 | F61: 3138796610 | G61: CL 13 13 4,TUCHIN | H61: 9.187192 | I61: -75.553131 | J61: CÓRDOBA | K61: TUCHÍN | L61: TUCHÍN | M61: 23815 | N61: 2025-11-13 | S61: =VLOOKUP(A61,Hoja1!A:D,4,0) -> 2 | T61: =VLOOKUP(M61,[1]TIPOLOGIAS!$A:$F,4,0) -> MONTERIA | U61: =VLOOKUP(T61,'BASE TARIFA 2025'!C:D,2,0) -> WOMPI COSTA | V61: =VLOOKUP(T61,'BASE TARIFA 2025'!C:F,3,0) -> 37313 | W61: =V61*S61 -> 74626
A62: 24836 | B62: BARRIO ONCE DE NOVIEMBRE LOS PATIOS 2 | C62: 900576569 | D62: 3005145872 | E62: 3005145872 | F62: 3005145872 | G62: CL 12 16 D 153,OTRO | H62: 9.185053 | I62: -75.558262 | J62: CÓRDOBA | K62: TUCHÍN | L62: TUCHÍN | M62: 23815 | N62: 2025-11-13 | S62: =VLOOKUP(A62,Hoja1!A:D,4,0) -> 1 | T62: =VLOOKUP(M62,[1]TIPOLOGIAS!$A:$F,4,0) -> MONTERIA | U62: =VLOOKUP(T62,'BASE TARIFA 2025'!C:D,2,0) -> WOMPI COSTA | V62: =VLOOKUP(T62,'BASE TARIFA 2025'!C:F,3,0) -> 37313 | W62: =V62*S62 -> 37313
A63: 78876 | B63: BARRIO TIERRA LINDA LOS PATIOS 6 | C63: 1005027949 | E63: 3133684189 | F63: 3133684189 | G63: TV 8 12 35,SANTA HELENA | H63: 4.7366952 | I63: -74.3446350 | J63: CUNDINAMARCA | K63: BOJACÁ | L63: BOJACÁ | M63: 25099 | N63: 2025-11-10 | S63: =VLOOKUP(A63,Hoja1!A:D,4,0) -> 3 | T63: =VLOOKUP(M63,[1]TIPOLOGIAS!$A:$F,4,0) -> BOGOTA | U63: =VLOOKUP(T63,'BASE TARIFA 2025'!C:D,2,0) -> WOMPI CENTRO | V63: =VLOOKUP(T63,'BASE TARIFA 2025'!C:F,3,0) -> 37313 | W63: =V63*S63 -> 111939
A64: 64062 | B64: BARRIO BOSQUE CARTAGENA DE INDIAS 3 | C64: 900975195 | D64: 3168652745 | E64: 3168652745 | G64: CR 10 D 9 79 ,SANTA ELENA BOJACA | H64: 4.7372958 | I64: -74.3442711 | J64: CUNDINAMARCA | K64: BOJACÁ | L64: BOJACÁ | M64: 25099 | N64: 2025-11-14 | S64: =VLOOKUP(A64,Hoja1!A:D,4,0) -> 1 | T64: =VLOOKUP(M64,[1]TIPOLOGIAS!$A:$F,4,0) -> BOGOTA | U64: =VLOOKUP(T64,'BASE TARIFA 2025'!C:D,2,0) -> WOMPI CENTRO | V64: =VLOOKUP(T64,'BASE TARIFA 2025'!C:F,3,0) -> 37313 | W64: =V64*S64 -> 37313
A65: 61410 | B65: BARRIO TERNERA CARTAGENA DE INDIAS 1 | C65: 1020417826 | D65: 0 | E65: 3228490249 | F65: 3228490249 | G65: CL 7 5 58 | H65: 4.7328166 | I65: -74.3412807 | J65: CUNDINAMARCA | K65: BOJACÁ | L65: BOJACÁ | M65: 25099 | N65: 2025-11-13 | S65: =VLOOKUP(A65,Hoja1!A:D,4,0) -> 1 | T65: =VLOOKUP(M65,[1]TIPOLOGIAS!$A:$F,4,0) -> BOGOTA | U65: =VLOOKUP(T65,'BASE TARIFA 2025'!C:D,2,0) -> WOMPI CENTRO | V65: =VLOOKUP(T65,'BASE TARIFA 2025'!C:F,3,0) -> 37313 | W65: =V65*S65 -> 37313
A66: 61411 | B66: BARRIO TERNERA CARTGENA DE INDIAS | C66: 1020417826 | D66: 0 | E66: 3143402603 | F66: 3143402603 | G66: CL 17 14 58,CENTRO | H66: 4.740918 | I66: -74.344396 | J66: CUNDINAMARCA | K66: BOJACÁ | L66: BOJACÁ | M66: 25099 | N66: 2025-11-10 | S66: =VLOOKUP(A66,Hoja1!A:D,4,0) -> 1 | T66: =VLOOKUP(M66,[1]TIPOLOGIAS!$A:$F,4,0) -> BOGOTA | U66: =VLOOKUP(T66,'BASE TARIFA 2025'!C:D,2,0) -> WOMPI CENTRO | V66: =VLOOKUP(T66,'BASE TARIFA 2025'!C:F,3,0) -> 37313 | W66: =V66*S66 -> 37313
A67: 77602 | B67: BARRIO CENTRO GALAPA 5 | C67: 1047239870 | D67: 8840153 | E67: 3102002969 | F67: 3102002969 | G67: AUT NORTE KM 23 VDA YERBABUENA ESTACIÓN DE SERVICIO ESSO | H67: 4.869898 | I67: -74.022365 | J67: CUNDINAMARCA | K67: CHÍA | L67: CHÍA | M67: 25175 | N67: 2025-11-11 | S67: =VLOOKUP(A67,Hoja1!A:D,4,0) -> 2 | T67: =VLOOKUP(M67,[1]TIPOLOGIAS!$A:$F,4,0) -> BOGOTA | U67: =VLOOKUP(T67,'BASE TARIFA 2025'!C:D,2,0) -> WOMPI CENTRO | V67: =VLOOKUP(T67,'BASE TARIFA 2025'!C:F,3,0) -> 37313 | W67: =V67*S67 -> 74626
A68: 47377 | B68: BARRIO VEREDA BUITREROS CUITIVA | C68: 901162599 | D68: 3114483703 | E68: 3114483703 | F68: 3114483703 | G68: CR 13 17 103,LA PRIMAVERA | H68: 4.8675661 | I68: -74.0595819 | J68: CUNDINAMARCA | K68: CHÍA | L68: CHÍA | M68: 25175 | N68: 2025-11-04 | S68: =VLOOKUP(A68,Hoja1!A:D,4,0) -> 1 | T68: =VLOOKUP(M68,[1]TIPOLOGIAS!$A:$F,4,0) -> BOGOTA | U68: =VLOOKUP(T68,'BASE TARIFA 2025'!C:D,2,0) -> WOMPI CENTRO | V68: =VLOOKUP(T68,'BASE TARIFA 2025'!C:F,3,0) -> 37313 | W68: =V68*S68 -> 37313
A69: 77546 | B69: BARRIO LA CORDIALIDAD LOS PATIOS 9 | C69: 60360897 | D69: 3227018594 | E69: 3227018594 | G69: CR 3 31 36 CA 42,NUEVO MILENIO | H69: 4.8782894 | I69: -74.0452671 | J69: CUNDINAMARCA | K69: CHÍA | L69: CHÍA | M69: 25175 | N69: 2025-11-04 | S69: =VLOOKUP(A69,Hoja1!A:D,4,0) -> 2 | T69: =VLOOKUP(M69,[1]TIPOLOGIAS!$A:$F,4,0) -> BOGOTA | U69: =VLOOKUP(T69,'BASE TARIFA 2025'!C:D,2,0) -> WOMPI CENTRO | V69: =VLOOKUP(T69,'BASE TARIFA 2025'!C:F,3,0) -> 37313 | W69: =V69*S69 -> 74626
A70: 72493 | B70: KILOMETRO 8 LOS PATIOS | C70: 13496724 | D70: 3203536252 | E70: 3203536252 | F70: 3203536252 | G70: AV CHILACOS CR 9 21 - 56,CHILACOS | H70: 4.8683050 | I70: -74.0539150 | J70: CUNDINAMARCA | K70: CHÍA | L70: CHÍA | M70: 25175 | N70: 2025-11-04 | S70: =VLOOKUP(A70,Hoja1!A:D,4,0) -> 2 | T70: =VLOOKUP(M70,[1]TIPOLOGIAS!$A:$F,4,0) -> BOGOTA | U70: =VLOOKUP(T70,'BASE TARIFA 2025'!C:D,2,0) -> WOMPI CENTRO | V70: =VLOOKUP(T70,'BASE TARIFA 2025'!C:F,3,0) -> 37313 | W70: =V70*S70 -> 74626
A71: 74339 | B71: BARRIO ONCE DE NOVIEMBRE LOS PATIOS 7 | C71: 1093292148 | D71: 3107760065 | E71: 3107760065 | F71: 3107760065 | G71: KM 24 VIA CHIA -CAJICA.MARGARITAS EDS TEXACO | H71: 4.8831373 | I71: -74.0376439 | J71: CUNDINAMARCA | K71: CHÍA | L71: CHÍA | M71: 25175 | N71: 2025-11-13 | S71: =VLOOKUP(A71,Hoja1!A:D,4,0) -> 2 | T71: =VLOOKUP(M71,[1]TIPOLOGIAS!$A:$F,4,0) -> BOGOTA | U71: =VLOOKUP(T71,'BASE TARIFA 2025'!C:D,2,0) -> WOMPI CENTRO | V71: =VLOOKUP(T71,'BASE TARIFA 2025'!C:F,3,0) -> 37313 | W71: =V71*S71 -> 74626
A72: 50115 | B72: BARRIO CARACOLES CARTAGENA DE INDIAS | C72: 23135708 | D72: 5139474 | E72: 3146302114 | F72: 3146302114 | G72: CL 7 CR 1 ESQ | H72: 1.9226472 | I72: -74.6913869 | J72: CAQUETÁ | K72: SAN VICENTE DEL CAGUÁN | L72: SAN VICENTE DEL CAGUÁN | M72: 18753 | N72: 2025-11-24 | S72: =VLOOKUP(A72,Hoja1!A:D,4,0) -> 2 | T72: =VLOOKUP(M72,[1]TIPOLOGIAS!$A:$F,4,0) -> NEIVA | U72: =VLOOKUP(T72,'BASE TARIFA 2025'!C:D,2,0) -> WOMPI ORIENTE | V72: =VLOOKUP(T72,'BASE TARIFA 2025'!C:F,3,0) -> 49671.7 | W72: =V72*S72 -> 99343.4
A73: 49655 | B73: BARRIO URB PALMA DE SALAMANCA SEC 2 CARTAGENA DE INDIAS | C73: 1007800738 | D73: 3203069 | E73: 3203069606 | F73: 3203069606 | G73: VRD CRISTALINA DEL LOZADA | H73: 2.1132197 | I73: -74.7692183 | J73: CAQUETÁ | K73: SAN VICENTE DEL CAGUÁN | L73: SAN VICENTE DEL CAGUÁN | M73: 18753 | N73: 2025-11-06 | S73: =VLOOKUP(A73,Hoja1!A:D,4,0) -> 1 | T73: =VLOOKUP(M73,[1]TIPOLOGIAS!$A:$F,4,0) -> NEIVA | U73: =VLOOKUP(T73,'BASE TARIFA 2025'!C:D,2,0) -> WOMPI ORIENTE | V73: =VLOOKUP(T73,'BASE TARIFA 2025'!C:F,3,0) -> 49671.7 | W73: =V73*S73 -> 49671.7
A74: 48268 | B74: BARRIO CAMPESTRE CARTAGENA DE INDIAS | C74: 33310555 | E74: 3133287624 | F74: 3133287624 | G74: CASERIO LA NOVIA,CASERIO LA NOVIA | H74: 2.1037246 | I74: -74.7691966 | J74: CAQUETÁ | K74: SAN VICENTE DEL CAGUÁN | L74: SAN VICENTE DEL CAGUÁN | M74: 18753 | N74: 2025-11-25 | S74: =VLOOKUP(A74,Hoja1!A:D,4,0) -> 4 | T74: =VLOOKUP(M74,[1]TIPOLOGIAS!$A:$F,4,0) -> NEIVA | U74: =VLOOKUP(T74,'BASE TARIFA 2025'!C:D,2,0) -> WOMPI ORIENTE | V74: =VLOOKUP(T74,'BASE TARIFA 2025'!C:F,3,0) -> 49671.7 | W74: =V74*S74 -> 198686.8
A75: 38270 | B75: BARRIO CEBALLOS CARTAGENA DE INDIAS | C75: 9098817 | D75: 3213717225 | E75: 3213717225 | F75: 3219968637 | G75: MZ N LT2,EL TRIUNFO | H75: 2.1209107 | I75: -74.7563908 | J75: CAQUETÁ | K75: SAN VICENTE DEL CAGUÁN | L75: SAN VICENTE DEL CAGUÁN | M75: 18753 | N75: 2025-11-06 | S75: =VLOOKUP(A75,Hoja1!A:D,4,0) -> 2 | T75: =VLOOKUP(M75,[1]TIPOLOGIAS!$A:$F,4,0) -> NEIVA | U75: =VLOOKUP(T75,'BASE TARIFA 2025'!C:D,2,0) -> WOMPI ORIENTE | V75: =VLOOKUP(T75,'BASE TARIFA 2025'!C:F,3,0) -> 49671.7 | W75: =V75*S75 -> 99343.4
A76: 65758 | B76: BARRIO TIERRA LINDA LOS PATIOS 2 | C76: 1005037042 | D76: 3236853994 | E76: 3226853994 | F76: 3226853994 | G76: CR 7 5 74 LOCAL 27 INTERNO ,GALERIA MUNICIPAL | H76: 2.1128627 | I76: -74.7719252 | J76: CAQUETÁ | K76: SAN VICENTE DEL CAGUÁN | L76: SAN VICENTE DEL CAGUÁN | M76: 18753 | N76: 2025-11-13 | S76: =VLOOKUP(A76,Hoja1!A:D,4,0) -> 2 | T76: =VLOOKUP(M76,[1]TIPOLOGIAS!$A:$F,4,0) -> NEIVA | U76: =VLOOKUP(T76,'BASE TARIFA 2025'!C:D,2,0) -> WOMPI ORIENTE | V76: =VLOOKUP(T76,'BASE TARIFA 2025'!C:F,3,0) -> 49671.7 | W76: =V76*S76 -> 99343.4
A77: 67138 | B77: BARRIO PATIO CENTRO LOS PATIOS 1 | C77: 88250291 | D77: 3209387427 | E77: 3209387427 | G77: INSPECCION LOS POZOS | H77: 2.1231124 | I77: -74.5564811 | J77: CAQUETÁ | K77: SAN VICENTE DEL CAGUÁN | L77: SAN VICENTE DEL CAGUÁN | M77: 18753 | N77: 2025-11-06 | S77: =VLOOKUP(A77,Hoja1!A:D,4,0) -> 1 | T77: =VLOOKUP(M77,[1]TIPOLOGIAS!$A:$F,4,0) -> NEIVA | U77: =VLOOKUP(T77,'BASE TARIFA 2025'!C:D,2,0) -> WOMPI ORIENTE | V77: =VLOOKUP(T77,'BASE TARIFA 2025'!C:F,3,0) -> 49671.7 | W77: =V77*S77 -> 49671.7
A78: 51436 | B78: BARRIO URB PENSILVANIA LOS PATIOS | C78: 901220535 | D78: 3005153568 | E78: 3005153568 | G78: CL 1 6 24,HERNANDEZ | H78: 2.1107534 | I78: -74.7690186 | J78: CAQUETÁ | K78: SAN VICENTE DEL CAGUÁN | L78: SAN VICENTE DEL CAGUÁN | M78: 18753 | N78: 2025-11-13 | S78: =VLOOKUP(A78,Hoja1!A:D,4,0) -> 1 | T78: =VLOOKUP(M78,[1]TIPOLOGIAS!$A:$F,4,0) -> NEIVA | U78: =VLOOKUP(T78,'BASE TARIFA 2025'!C:D,2,0) -> WOMPI ORIENTE | V78: =VLOOKUP(T78,'BASE TARIFA 2025'!C:F,3,0) -> 49671.7 | W78: =V78*S78 -> 49671.7
A79: 45904 | B79: BARRIO TASAJERO LOS PATIOS | C79: 1986321 | D79: 3229147898 | E79: 3202020891 | F79: 3202020891 | G79: CR 9 13 SUR,JARDIN | H79: 2.107108 | I79: -74.769386 | J79: CAQUETÁ | K79: SAN VICENTE DEL CAGUÁN | L79: SAN VICENTE DEL CAGUÁN | M79: 18753 | N79: 2025-11-06 | S79: =VLOOKUP(A79,Hoja1!A:D,4,0) -> 2 | T79: =VLOOKUP(M79,[1]TIPOLOGIAS!$A:$F,4,0) -> NEIVA | U79: =VLOOKUP(T79,'BASE TARIFA 2025'!C:D,2,0) -> WOMPI ORIENTE | V79: =VLOOKUP(T79,'BASE TARIFA 2025'!C:F,3,0) -> 49671.7 | W79: =V79*S79 -> 99343.4
A80: 46025 | B80: BARRIO DOCE DE OCTUBRE LOS PATIOS | C80: 1093739795 | D80: 3015583086 | E80: 3015583086 | F80: 3015583086 | G80: CL 6 2 BIS 03 - LA CONSOLATA | H80: 2.1165792 | I80: -74.7694033 | J80: CAQUETÁ | K80: SAN VICENTE DEL CAGUÁN | L80: SAN VICENTE DEL CAGUÁN | M80: 18753 | N80: 2025-11-12 | S80: =VLOOKUP(A80,Hoja1!A:D,4,0) -> 2 | T80: =VLOOKUP(M80,[1]TIPOLOGIAS!$A:$F,4,0) -> NEIVA | U80: =VLOOKUP(T80,'BASE TARIFA 2025'!C:D,2,0) -> WOMPI ORIENTE | V80: =VLOOKUP(T80,'BASE TARIFA 2025'!C:F,3,0) -> 49671.7 | W80: =V80*S80 -> 99343.4
A81: 34796 | B81: BARRIO CANAPOTE CARTAGENA DE INDIAS | C81: 33140885 | D81: 3103212591 | E81: 3103212591 | F81: 3103212591 | G81: CL 5 N 4 ESQ,CENTRO | H81: 2.1142235 | I81: -74.7691074 | J81: CAQUETÁ | K81: SAN VICENTE DEL CAGUÁN | L81: SAN VICENTE DEL CAGUÁN | M81: 18753 | N81: 2025-11-12 | S81: =VLOOKUP(A81,Hoja1!A:D,4,0) -> 5 | T81: =VLOOKUP(M81,[1]TIPOLOGIAS!$A:$F,4,0) -> NEIVA | U81: =VLOOKUP(T81,'BASE TARIFA 2025'!C:D,2,0) -> WOMPI ORIENTE | V81: =VLOOKUP(T81,'BASE TARIFA 2025'!C:F,3,0) -> 49671.7 | W81: =V81*S81 -> 248358.5
A82: 36067 | B82: BARRIO BAZURTO CARTAGENA | C82: 1047395572 | D82: 3202977658 | E82: 3202977658 | F82: 3202977658 | G82: INSP CAMPO HERMOSO,CL PRINCIPAL | H82: 1.9201377 | I82: -74.6890496 | J82: CAQUETÁ | K82: SAN VICENTE DEL CAGUÁN | L82: SAN VICENTE DEL CAGUÁN | M82: 18753 | N82: 2025-11-13 | S82: =VLOOKUP(A82,Hoja1!A:D,4,0) -> 2 | T82: =VLOOKUP(M82,[1]TIPOLOGIAS!$A:$F,4,0) -> NEIVA | U82: =VLOOKUP(T82,'BASE TARIFA 2025'!C:D,2,0) -> WOMPI ORIENTE | V82: =VLOOKUP(T82,'BASE TARIFA 2025'!C:F,3,0) -> 49671.7 | W82: =V82*S82 -> 99343.4
A83: 28974 | B83: BARRIO BOSQUE 4 CARTAGENA DE INDIAS | C83: 900975195 | D83: 3114405136 | E83: 3114405136 | G83: CR 7 2 31 33,PUERTO REDONDO | H83: 2.1105243 | I83: -74.7699071 | J83: CAQUETÁ | K83: SAN VICENTE DEL CAGUÁN | L83: SAN VICENTE DEL CAGUÁN | M83: 18753 | N83: 2025-11-06 | S83: =VLOOKUP(A83,Hoja1!A:D,4,0) -> 4 | T83: =VLOOKUP(M83,[1]TIPOLOGIAS!$A:$F,4,0) -> NEIVA | U83: =VLOOKUP(T83,'BASE TARIFA 2025'!C:D,2,0) -> WOMPI ORIENTE | V83: =VLOOKUP(T83,'BASE TARIFA 2025'!C:F,3,0) -> 49671.7 | W83: =V83*S83 -> 198686.8
A84: 31029 | B84: BARRIO CHILE | C84: 45543065 | D84: 3202403945 | E84: 3202403945 | F84: 3202403945 | G84: INSP GUAYABAL,GUAYABAL | H84: 2.699445 | I84: -74.882292 | J84: CAQUETÁ | K84: SAN VICENTE DEL CAGUÁN | L84: SAN VICENTE DEL CAGUÁN | M84: 18753 | N84: 2025-11-07 | S84: =VLOOKUP(A84,Hoja1!A:D,4,0) -> 2 | T84: =VLOOKUP(M84,[1]TIPOLOGIAS!$A:$F,4,0) -> NEIVA | U84: =VLOOKUP(T84,'BASE TARIFA 2025'!C:D,2,0) -> WOMPI ORIENTE | V84: =VLOOKUP(T84,'BASE TARIFA 2025'!C:F,3,0) -> 49671.7 | W84: =V84*S84 -> 99343.4
A85: 30332 | B85: BARRIO MANGA CARTAGENA DE INDIAS | C85: 900733016 | D85: 0 | E85: 3106395383 | F85: 3106395383 | G85: CR 6 6 A 04,SANTA ISABEL | H85: 2.114671 | I85: -74.772639 | J85: CAQUETÁ | K85: SAN VICENTE DEL CAGUÁN | L85: SAN VICENTE DEL CAGUÁN | M85: 18753 | N85: 2025-11-05 | S85: =VLOOKUP(A85,Hoja1!A:D,4,0) -> 2 | T85: =VLOOKUP(M85,[1]TIPOLOGIAS!$A:$F,4,0) -> NEIVA | U85: =VLOOKUP(T85,'BASE TARIFA 2025'!C:D,2,0) -> WOMPI ORIENTE | V85: =VLOOKUP(T85,'BASE TARIFA 2025'!C:F,3,0) -> 49671.7 | W85: =V85*S85 -> 99343.4
A86: 21456 | B86: BARRIO BELLAVISTA - CARTAGENA DE INDIAS | C86: 64894059 | D86: 3125121138 | E86: 3125121138 | F86: 3125121138 | G86: MZ R LT24,URBANIZACIÓN PRIMAVERA | H86: 2.1287219 | I86: -74.7593143 | J86: CAQUETÁ | K86: SAN VICENTE DEL CAGUÁN | L86: SAN VICENTE DEL CAGUÁN | M86: 18753 | N86: 2025-11-07 | S86: =VLOOKUP(A86,Hoja1!A:D,4,0) -> 2 | T86: =VLOOKUP(M86,[1]TIPOLOGIAS!$A:$F,4,0) -> NEIVA | U86: =VLOOKUP(T86,'BASE TARIFA 2025'!C:D,2,0) -> WOMPI ORIENTE | V86: =VLOOKUP(T86,'BASE TARIFA 2025'!C:F,3,0) -> 49671.7 | W86: =V86*S86 -> 99343.4
A87: 63361 | B87: BARRIO VEREDA EL PIÑAL VIOTA | C87: 63531706 | D87: 0 | E87: 3132955039 | F87: 3132955039 | G87: VRD SAN JUAN DEL LOZADA ,VRD | H87: 2.242813 | I87: -74.451859 | J87: CAQUETÁ | K87: SAN VICENTE DEL CAGUÁN | L87: SAN VICENTE DEL CAGUÁN | M87: 18753 | N87: 2025-11-28 | S87: =VLOOKUP(A87,Hoja1!A:D,4,0) -> 1 | T87: =VLOOKUP(M87,[1]TIPOLOGIAS!$A:$F,4,0) -> NEIVA | U87: =VLOOKUP(T87,'BASE TARIFA 2025'!C:D,2,0) -> WOMPI ORIENTE | V87: =VLOOKUP(T87,'BASE TARIFA 2025'!C:F,3,0) -> 49671.7 | W87: =V87*S87 -> 49671.7
A88: 64145 | B88: BARRIO VIOTA VIOTA | C88: 79760633 | D88: 0 | E88: 3232268146 | F88: 3214670774 | G88: CAS VILLA LOBOS | H88: 1.633825 | I88: -74.561671 | J88: CAQUETÁ | K88: SAN VICENTE DEL CAGUÁN | L88: SAN VICENTE DEL CAGUÁN | M88: 18753 | N88: 2025-11-25 | S88: =VLOOKUP(A88,Hoja1!A:D,4,0) -> 1 | T88: =VLOOKUP(M88,[1]TIPOLOGIAS!$A:$F,4,0) -> NEIVA | U88: =VLOOKUP(T88,'BASE TARIFA 2025'!C:D,2,0) -> WOMPI ORIENTE | V88: =VLOOKUP(T88,'BASE TARIFA 2025'!C:F,3,0) -> 49671.7 | W88: =V88*S88 -> 49671.7
A89: 69316 | B89: CENTRO VIOTÁ | C89: 901225815 | D89: 3143705547 | E89: 3104158944 | F89: 3143705547 | G89: INSP CAMPO HERMOSO | H89: 1.55150 | I89: -74.41270 | J89: CAQUETÁ | K89: SAN VICENTE DEL CAGUÁN | L89: SAN VICENTE DEL CAGUÁN | M89: 18753 | N89: 2025-11-24 | S89: =VLOOKUP(A89,Hoja1!A:D,4,0) -> 1 | T89: =VLOOKUP(M89,[1]TIPOLOGIAS!$A:$F,4,0) -> NEIVA | U89: =VLOOKUP(T89,'BASE TARIFA 2025'!C:D,2,0) -> WOMPI ORIENTE | V89: =VLOOKUP(T89,'BASE TARIFA 2025'!C:F,3,0) -> 49671.7 | W89: =V89*S89 -> 49671.7
A90: 60480 | B90: BARRIO PARCELA ZIPAQUIRA | C90: 1075677684 | D90: 3134637535 | E90: 3134637535 | F90: 3134637535 | G90: TV 1 67 03 MZ 19 ,LOS MUISCAS | H90: 5.5702437 | I90: -73.3395212 | J90: BOYACÁ | K90: TUNJA | L90: TUNJA | M90: 15001 | N90: 2025-11-20 | S90: =VLOOKUP(A90,Hoja1!A:D,4,0) -> 1 | T90: =VLOOKUP(M90,[1]TIPOLOGIAS!$A:$F,4,0) -> TUNJA | U90: =VLOOKUP(T90,'BASE TARIFA 2025'!C:D,2,0) -> WOMPI SANTANDERES | V90: =VLOOKUP(T90,'BASE TARIFA 2025'!C:F,3,0) -> 49671.7 | W90: =V90*S90 -> 49671.7
A91: 50484 | B91: BARRIO ZIPAQUIRA ZIPAQUIRA | C91: 830073087 | D91: 3164071085 | E91: 3208356593 | F91: 3208356593 | G91: CR 1 A 18 20 MZ 2 CASA 2,PISO 1 | H91: 5.529 | I91: -73.350 | J91: BOYACÁ | K91: TUNJA | L91: TUNJA | M91: 15001 | N91: 2025-11-24 | S91: =VLOOKUP(A91,Hoja1!A:D,4,0) -> 1 | T91: =VLOOKUP(M91,[1]TIPOLOGIAS!$A:$F,4,0) -> TUNJA | U91: =VLOOKUP(T91,'BASE TARIFA 2025'!C:D,2,0) -> WOMPI SANTANDERES | V91: =VLOOKUP(T91,'BASE TARIFA 2025'!C:F,3,0) -> 49671.7 | W91: =V91*S91 -> 49671.7
A92: 41529 | B92: BARRIO LAS PEÑITAS TUNJA | C92: 74374334 | D92: 3015123142 | E92: 3015123142 | F92: 3015123142 | G92: CR 10 17 97 | H92: 5.5310387 | I92: -73.3625633 | J92: BOYACÁ | K92: TUNJA | L92: TUNJA | M92: 15001 | N92: 2025-11-24 | S92: =VLOOKUP(A92,Hoja1!A:D,4,0) -> 1 | T92: =VLOOKUP(M92,[1]TIPOLOGIAS!$A:$F,4,0) -> TUNJA | U92: =VLOOKUP(T92,'BASE TARIFA 2025'!C:D,2,0) -> WOMPI SANTANDERES | V92: =VLOOKUP(T92,'BASE TARIFA 2025'!C:F,3,0) -> 49671.7 | W92: =V92*S92 -> 49671.7
A93: 33503 | B93: BARRIO SAN FERNANDO DOSQUEBRADAS | C93: 43501384 | D93: 3164071085 | E93: 3164071085 | F93: 3164071085 | G93: CR 4 8 05 | H93: 5.520 | I93: -73.359 | J93: BOYACÁ | K93: TUNJA | L93: TUNJA | M93: 15001 | N93: 2025-11-24 | S93: =VLOOKUP(A93,Hoja1!A:D,4,0) -> 1 | T93: =VLOOKUP(M93,[1]TIPOLOGIAS!$A:$F,4,0) -> TUNJA | U93: =VLOOKUP(T93,'BASE TARIFA 2025'!C:D,2,0) -> WOMPI SANTANDERES | V93: =VLOOKUP(T93,'BASE TARIFA 2025'!C:F,3,0) -> 49671.7 | W93: =V93*S93 -> 49671.7
A94: 32414 | B94: BARRIO TEJARES DE LA LOMA 1 | C94: 1126595090 | D94: 7456261 | E94: 3103292709 | F94: 3103292709 | G94: cr 14 N 26-124 | H94: 5.540 | I94: -73.362 | J94: BOYACÁ | K94: TUNJA | L94: TUNJA | M94: 15001 | N94: 2025-11-24 | S94: =VLOOKUP(A94,Hoja1!A:D,4,0) -> 2 | T94: =VLOOKUP(M94,[1]TIPOLOGIAS!$A:$F,4,0) -> TUNJA | U94: =VLOOKUP(T94,'BASE TARIFA 2025'!C:D,2,0) -> WOMPI SANTANDERES | V94: =VLOOKUP(T94,'BASE TARIFA 2025'!C:F,3,0) -> 49671.7 | W94: =V94*S94 -> 99343.4
A95: 35868 | B95: BARRIO LOS MOLINOS DOSQUEBRADAS | C95: 42152843 | D95: 7474112 | E95: 3005188531 | F95: 3005188531 | G95: CR 2 ESTE 22 140 | H95: 5.53512828 | I95: -73.35123733 | J95: BOYACÁ | K95: TUNJA | L95: TUNJA | M95: 15001 | N95: 2025-11-20 | S95: =VLOOKUP(A95,Hoja1!A:D,4,0) -> 1 | T95: =VLOOKUP(M95,[1]TIPOLOGIAS!$A:$F,4,0) -> TUNJA | U95: =VLOOKUP(T95,'BASE TARIFA 2025'!C:D,2,0) -> WOMPI SANTANDERES | V95: =VLOOKUP(T95,'BASE TARIFA 2025'!C:F,3,0) -> 49671.7 | W95: =V95*S95 -> 49671.7
... A97: 79298 | B97: BARRIO LA CAPILLA DOSQUEBRADAS | C97: 1127912920 | D97: 3734111 | E97: 3222739405 | F97: 3222739405 | G97: CR 7 5 31 | H97: 6.3264781 | I97: -72.5761156 | J97: BOYACÁ | K97: BOAVITA | L97: BOAVITA | M97: 15097 | N97: 2025-11-07 | S97: =VLOOKUP(A97,Hoja1!A:D,4,0) -> 3 | T97: =VLOOKUP(M97,[1]TIPOLOGIAS!$A:$F,4,0) -> TUNJA | U97: =VLOOKUP(T97,'BASE TARIFA 2025'!C:D,2,0) -> WOMPI SANTANDERES | V97: =VLOOKUP(T97,'BASE TARIFA 2025'!C:F,3,0) -> 49671.7 | W97: =V97*S97 -> 149015.1
A98: 78248 | B98: BARRIO OTUN DOSQUEBRADAS 1 | C98: 15922797 | E98: 3125364630 | F98: 3125364630 | G98: CR 7 5 -78 | H98: 6.3307733 | I98: -72.5861296 | J98: BOYACÁ | K98: BOAVITA | L98: BOAVITA | M98: 15097 | N98: 2025-11-07 | S98: =VLOOKUP(A98,Hoja1!A:D,4,0) -> 1 | T98: =VLOOKUP(M98,[1]TIPOLOGIAS!$A:$F,4,0) -> TUNJA | U98: =VLOOKUP(T98,'BASE TARIFA 2025'!C:D,2,0) -> WOMPI SANTANDERES | V98: =VLOOKUP(T98,'BASE TARIFA 2025'!C:F,3,0) -> 49671.7 | W98: =V98*S98 -> 49671.7
A99: 77735 | B99: BARRIO LA ROMELIA DOSQUEBRADAS 1 | C99: 91109231 | D99: 3213348499 | E99: 3112111435 | F99: 3112111435 | G99: CL 4 NO.7-52,CENTRO | H99: 6.3292475 | I99: -72.5850955 | J99: BOYACÁ | K99: BOAVITA | L99: BOAVITA | M99: 15097 | N99: 2025-11-07 | S99: =VLOOKUP(A99,Hoja1!A:D,4,0) -> 1 | T99: =VLOOKUP(M99,[1]TIPOLOGIAS!$A:$F,4,0) -> TUNJA | U99: =VLOOKUP(T99,'BASE TARIFA 2025'!C:D,2,0) -> WOMPI SANTANDERES | V99: =VLOOKUP(T99,'BASE TARIFA 2025'!C:F,3,0) -> 49671.7 | W99: =V99*S99 -> 49671.7
A100: 26481 | B100: BARRIO SAN MIGUEL CENTRO - COROZAL | C100: 64541423 | D100: 3224813573 | E100: 3224813573 | F100: 3224813573 | G100: CL 5 7-16 BARRIO CENTRO | H100: 6.3301919 | I100: -72.5854562 | J100: BOYACÁ | K100: BOAVITA | L100: BOAVITA | M100: 15097 | N100: 2025-11-07 | S100: =VLOOKUP(A100,Hoja1!A:D,4,0) -> 1 | T100: =VLOOKUP(M100,[1]TIPOLOGIAS!$A:$F,4,0) -> TUNJA | U100: =VLOOKUP(T100,'BASE TARIFA 2025'!C:D,2,0) -> WOMPI SANTANDERES | V100: =VLOOKUP(T100,'BASE TARIFA 2025'!C:F,3,0) -> 49671.7 | W100: =V100*S100 -> 49671.7
A101: 65900 | B101: BARRIO PATIÑO AMARILES DOSQUEBRADAS | C101: 9867943 | D101: 3205974172 | E101: 3205974172 | F101: 3203029086 | G101: CR 7 NO.3-19,CENTRO | H101: 6.3291962 | I101: -72.5843093 | J101: BOYACÁ | K101: BOAVITA | L101: BOAVITA | M101: 15097 | N101: 2025-11-07 | S101: =VLOOKUP(A101,Hoja1!A:D,4,0) -> 1 | T101: =VLOOKUP(M101,[1]TIPOLOGIAS!$A:$F,4,0) -> TUNJA | U101: =VLOOKUP(T101,'BASE TARIFA 2025'!C:D,2,0) -> WOMPI SANTANDERES | V101: =VLOOKUP(T101,'BASE TARIFA 2025'!C:F,3,0) -> 49671.7 | W101: =V101*S101 -> 49671.7
A102: 66152 | B102: BARRIO GUADULAES DOSQUEBRADAS 1 | C102: 80410202 | D102: 3002031425 | E102: 3002031425 | F102: 3002031425 | G102: CR 63 22 15,GAMBOTICO | H102: 9.71024411 | I102: -75.11204086 | J102: BOLÍVAR | K102: EL CARMEN DE BOLÍVAR | L102: EL CARMEN DE BOLÍVAR | M102: 13244 | N102: 2025-11-05 | S102: =VLOOKUP(A102,Hoja1!A:D,4,0) -> 2 | T102: =VLOOKUP(M102,[1]TIPOLOGIAS!$A:$F,4,0) -> CARTAGENA | U102: =VLOOKUP(T102,'BASE TARIFA 2025'!C:D,2,0) -> WOMPI COSTA | V102: =VLOOKUP(T102,'BASE TARIFA 2025'!C:F,3,0) -> 49671.7 | W102: =V102*S102 -> 99343.4
A103: 51187 | B103: BARRIO EL RECREO SAN FELIX DOSQUEBRADAS | C103: 1037632868 | D103: 3107455213 | E103: 3003566584 | F103: 3003566584 | G103: CL 14 CRA 6 5 58 | H103: 9.303362500000 | I103: -74.568268333 | J103: BOLÍVAR | K103: TALAIGUA NUEVO | L103: TALAIGUA NUEVO | M103: 13780 | N103: 2025-11-06 | S103: =VLOOKUP(A103,Hoja1!A:D,4,0) -> 2 | T103: =VLOOKUP(M103,[1]TIPOLOGIAS!$A:$F,4,0) -> CARTAGENA | U103: =VLOOKUP(T103,'BASE TARIFA 2025'!C:D,2,0) -> WOMPI COSTA | V103: =VLOOKUP(T103,'BASE TARIFA 2025'!C:F,3,0) -> 49671.7 | W103: =V103*S103 -> 99343.4
A104: 17219 | B104: BARRIO NUEVO SOTOMAYOR II BUCARAMANGA | C104: 17588285 | D104: 3215222471 | E104: 3205557908 | F104: 3215222471 | G104: CL 4 9 - 20 CORREGIMIENTO TALAIGUA VIEJO , | H104: 9.3120083 | I104: -74.5856652 | J104: BOLÍVAR | K104: TALAIGUA NUEVO | L104: TALAIGUA NUEVO | M104: 13780 | N104: 2025-11-06 | S104: =VLOOKUP(A104,Hoja1!A:D,4,0) -> 2 | T104: =VLOOKUP(M104,[1]TIPOLOGIAS!$A:$F,4,0) -> CARTAGENA | U104: =VLOOKUP(T104,'BASE TARIFA 2025'!C:D,2,0) -> WOMPI COSTA | V104: =VLOOKUP(T104,'BASE TARIFA 2025'!C:F,3,0) -> 49671.7 | W104: =V104*S104 -> 99343.4
A105: 75050 | B105: BARRIO CENTRO JENESANO 4 | C105: 23755196 | D105: 3002842027 | E105: 3002842027 | F105: 3002842027 | G105: CR 8B 13A 29 BODEGA,10 DE ABRIL | H105: 9.3029488 | I105: -74.5680969 | J105: BOLÍVAR | K105: TALAIGUA NUEVO | L105: TALAIGUA NUEVO | M105: 13780 | N105: 2025-11-06 | S105: =VLOOKUP(A105,Hoja1!A:D,4,0) -> 1 | T105: =VLOOKUP(M105,[1]TIPOLOGIAS!$A:$F,4,0) -> CARTAGENA | U105: =VLOOKUP(T105,'BASE TARIFA 2025'!C:D,2,0) -> WOMPI COSTA | V105: =VLOOKUP(T105,'BASE TARIFA 2025'!C:F,3,0) -> 49671.7 | W105: =V105*S105 -> 49671.7
A106: 58209 | B106: BARRIO CENTRO JENESANO 2 | C106: 1049625722 | D106: 3114061596 | E106: 3114061596 | F106: 3114061596 | G106: CL 14 CR 4 72 AP 3,CENTRO | H106: 9.3040567 | I106: -74.5659567 | J106: BOLÍVAR | K106: TALAIGUA NUEVO | L106: TALAIGUA NUEVO | M106: 13780 | N106: 2025-11-06 | S106: =VLOOKUP(A106,Hoja1!A:D,4,0) -> 1 | T106: =VLOOKUP(M106,[1]TIPOLOGIAS!$A:$F,4,0) -> CARTAGENA | U106: =VLOOKUP(T106,'BASE TARIFA 2025'!C:D,2,0) -> WOMPI COSTA | V106: =VLOOKUP(T106,'BASE TARIFA 2025'!C:F,3,0) -> 49671.7 | W106: =V106*S106 -> 49671.7
A107: 39909 | B107: BARRIO RETIRO DE LOS INDIOS CERETE | C107: 15319855 | D107: 7794180 | E107: 3102182360 | F107: 3102182360 | G107: CR 8 N 7 32 | H107: 5.5189662 | I107: -72.8839042 | J107: BOYACÁ | K107: AQUITANIA | L107: AQUITANIA | M107: 15047 | N107: 2025-11-07 | S107: =VLOOKUP(A107,Hoja1!A:D,4,0) -> 1 | T107: =VLOOKUP(M107,[1]TIPOLOGIAS!$A:$F,4,0) -> TUNJA | U107: =VLOOKUP(T107,'BASE TARIFA 2025'!C:D,2,0) -> WOMPI SANTANDERES | V107: =VLOOKUP(T107,'BASE TARIFA 2025'!C:F,3,0) -> 49671.7 | W107: =V107*S107 -> 49671.7
A108: 77918 | B108: BARRIO EL SOCORRO CERETE 3 | C108: 50846877 | D108: 3112541406 | E108: 3112671055 | F108: 3112671055 | G108: CR 9 4-40,CENTRO | H108: 5.717 | I108: -72.885 | J108: BOYACÁ | K108: AQUITANIA | L108: AQUITANIA | M108: 15047 | N108: 2025-11-07 | S108: =VLOOKUP(A108,Hoja1!A:D,4,0) -> 1 | T108: =VLOOKUP(M108,[1]TIPOLOGIAS!$A:$F,4,0) -> TUNJA | U108: =VLOOKUP(T108,'BASE TARIFA 2025'!C:D,2,0) -> WOMPI SANTANDERES | V108: =VLOOKUP(T108,'BASE TARIFA 2025'!C:F,3,0) -> 49671.7 | W108: =V108*S108 -> 49671.7
A109: 58877 | B109: BARRIO CORREGIMIENTO RABOLARGO CERETE | C109: 1064979627 | D109: 3123296739 | E109: 3123296739 | F109: 3227359738 | G109: CR 6 NO.5-19,CENTRO | H109: 5.5165637 | I109: -72.8833425 | J109: BOYACÁ | K109: AQUITANIA | L109: AQUITANIA | M109: 15047 | N109: 2025-11-07 | S109: =VLOOKUP(A109,Hoja1!A:D,4,0) -> 2 | T109: =VLOOKUP(M109,[1]TIPOLOGIAS!$A:$F,4,0) -> TUNJA | U109: =VLOOKUP(T109,'BASE TARIFA 2025'!C:D,2,0) -> WOMPI SANTANDERES | V109: =VLOOKUP(T109,'BASE TARIFA 2025'!C:F,3,0) -> 49671.7 | W109: =V109*S109 -> 99343.4
A110: 75688 | B110: BARRIO CENTRO TAUSA | C110: 52268713 | E110: 3208351906 | F110: 3208351906 | G110: CL 7 6 76 | H110: 5.9561861 | I110: -72.94860 | J110: BOYACÁ | K110: CERINZA | L110: CERINZA | M110: 15162 | N110: 2025-11-11 | S110: =VLOOKUP(A110,Hoja1!A:D,4,0) -> 1 | T110: =VLOOKUP(M110,[1]TIPOLOGIAS!$A:$F,4,0) -> TUNJA | U110: =VLOOKUP(T110,'BASE TARIFA 2025'!C:D,2,0) -> WOMPI SANTANDERES | V110: =VLOOKUP(T110,'BASE TARIFA 2025'!C:F,3,0) -> 49671.7 | W110: =V110*S110 -> 49671.7
A111: 80012 | B111: BARRIO FRANCISCO DE PAULA EL ZULIA 1 | C111: 88250875 | D111: 3138071572 | E111: 3138071572 | F111: 3103410945 | G111: CL 6 NO.8-26,CENTRO | H111: 5.95765 | I111: -72.949538 | J111: BOYACÁ | K111: CERINZA | L111: CERINZA | M111: 15162 | N111: 2025-11-11 | S111: =VLOOKUP(A111,Hoja1!A:D,4,0) -> 1 | T111: =VLOOKUP(M111,[1]TIPOLOGIAS!$A:$F,4,0) -> TUNJA | U111: =VLOOKUP(T111,'BASE TARIFA 2025'!C:D,2,0) -> WOMPI SANTANDERES | V111: =VLOOKUP(T111,'BASE TARIFA 2025'!C:F,3,0) -> 49671.7 | W111: =V111*S111 -> 49671.7
...

Sheet TD
A1: Centro_de_Costos | B1: Suma de valor total
A2: WOMPI CENTRO | B2: 10074510
A3: WOMPI COSTA | B3: 5060077.2
A4: WOMPI EJE CAFETERO | B4: 3120985.7
A5: WOMPI NOROCCIDENTE | B5: 4328308
A6: WOMPI ORIENTE | B6: 11176133
A7: WOMPI SANTANDERES | B7: 21812746
A8: WOMPI SUROCCIDENTE | B8: 5008984.1
A9: Total general | B9: 60581744

Sheet Hoja1
A1: CODIGO PUNTO DE SERVICIO | B1: cantidad_equipos | C1: Pinpad | D1: cantidad equipos
A2: 10007 | B2: =+VLOOKUP(#REF!,'[2]Inverntario Redeban'!#REF!,2,0) -> #REF! | C2: =+VLOOKUP(#REF!,'[2]Inverntario Redeban'!#REF!,3,0) -> #REF! | D2: =B2+C2 -> #REF!
A3: 10015 | B3: 1 | C3: 1 | D3: =B3+C3 -> 2
A4: 10016 | B4: 1 | C4: 1 | D4: =B4+C4 -> 2
A5: 10018 | B5: 3 | C5: 0 | D5: =B5+C5 -> 3
A6: 10023 | B6: 1 | C6: 0 | D6: =B6+C6 -> 1
A7: 10024 | B7: 3 | C7: 3 | D7: =B7+C7 -> 6
A8: 10028 | B8: 1 | C8: 0 | D8: =B8+C8 -> 1
A9: 10029 | B9: 3 | C9: 2 | D9: =B9+C9 -> 5
A10: 10030 | B10: 2 | C10: 0 | D10: =B10+C10 -> 2
A11: 10032 | B11: 2 | C11: 2 | D11: =B11+C11 -> 4
A12: 10033 | B12: 1 | C12: 0 | D12: =B12+C12 -> 1
A13: 10035 | B13: 4 | C13: 1 | D13: =B13+C13 -> 5
A14: 10036 | B14: 1 | C14: 0 | D14: =B14+C14 -> 1
... A17890: 81253 | B17890: 1 | C17890: 0 | D17890: =B17890+C17890 -> 1
