Workbook

Sheet RESUMEN
A1: FACTURACIÓN ENTREGA DE DATAFONO A GESTORES
A2: 1 AL 3O DE NOVIEMBRE 2025
A3: WOMPI
A4: CONCEPTOS | B4: CANTIDAD | C4: TOTAL
A5: ENTREGA DE DATAFONOS PERSONAL LINEACOM | B5: =COUNTA('MIGRACIONES LINEACOM'!A:A)-1 -> 361 | C5: ='MIGRACIONES LINEACOM'!R363 -> 31319587
A6: SUBTOTAL | C6: =SUM(C5:C5) -> 31319587
A7: Iva | C7: =C6*0.19 -> 5950721.5
A8: TOTAL | C8: =SUM(C6:C7) -> 37270308

Sheet BASE TARIFA 2025
A1: TIPOLOGIA | B1: ENVIO DATAFONO | C1: ENVIO VISITA DATAFONO | E1: BODEGA | F1: CENTRO DE COSTOS
A2: PRINCIPAL | B2: 39706 | C2: 46451 | E2: MEDELLIN | F2: WOMPI NOROCCIDENTE
A3: INTERMEDIA | B3: 49474 | C3: 182458 | E3: BOGOTA | F3: WOMPI CENTRO
A4: LEJANA | B4: 51412 | C4: 462012 | E4: CALI | F4: WOMPI SUROCCIDENTE
E5: PEREIRA | F5: WOMPI EJE CAFETERO
E6: BARRANQUILLA | F6: WOMPI COSTA
E7: BUCARAMANGA | F7: WOMPI SANTANDERES
E8: MONTERIA | F8: WOMPI COSTA
E9: CUCUTA | F9: WOMPI SANTANDERES
E10: NEIVA | F10: WOMPI ORIENTE
E11: SANTA MARTA | F11: WOMPI COSTA
E12: TUNJA | F12: WOMPI SANTANDERES
E13: VILLAVICENCIO | F13: WOMPI ORIENTE
E14: APARTADO | F14: WOMPI NOROCCIDENTE
E15: CARTAGENA | F15: WOMPI COSTA
E16: FLORENCIA | F16: WOMPI ORIENTE
... E23: YOPAL | F23: WOMPI ORIENTE

Sheet MIGRACIONES LINEACOM
A1: CODIGO PUNTO DE SERVICIO | B1: REGION | C1: DEPARTAMENTO | D1: MUNICIPIO | E1: CODIGO DANE | F1: NOMBRE PUNTO DE SERVICIO | G1: cantidad_equipos | H1: Formulario | I1: Plantilla | J1: FORMA DE ATENCION | K1: Fecha_Migracion/Entrega | L1: ESTADO RESULTADO ACTIVIDAD | M1: Tipologia | N1: Bodega | O1: CENTRO DE COSTOS | P1: Valor por datáfono | Q1: %FACTURACIÓN | R1: valor total
A2: 46103 | B2: BOGOTA Y CUNDINAMARCA | C2: CUNDINAMARCA | D2: BOGOTÁ | E2: 11001 | F2: BARRIO ACAPULCO BOGOTA | G2: 1 | H2: FO-25-1736225 | I2: P-FO-ENVIO VISITA DATAFONO WOMPI | J2: VISITA TECNICA | K2: 45968.432 | L2: EJECUTADO | M2: =VLOOKUP(E2,[1]TIPOLOGIAS!$A:$G,5,0) -> PRINCIPAL | N2: =VLOOKUP(E2,[1]TIPOLOGIAS!$A:$G,4,0) -> BOGOTA | O2: =VLOOKUP(N2,'BASE TARIFA 2025'!E:F,2,0) -> WOMPI CENTRO | P2: =VLOOKUP(M2,'BASE TARIFA 2025'!A:C,3,0) -> 46451 | Q2: =IF(L2="EJECUTADO","100%", "75%") -> 100% | R2: =G2*P2*Q2 -> 46451
A3: 34829 | B3: BOGOTA Y CUNDINAMARCA | C3: CUNDINAMARCA | D3: BOGOTÁ | E3: 11001 | F3: BARRIO SANTA VIVIANA BOGOTA | G3: 1 | H3: FO-25-1736235 | I3: P-FO-ENVIO VISITA DATAFONO WOMPI | J3: VISITA TECNICA | K3: 45968.54 | L3: EJECUTADO | M3: =VLOOKUP(E3,[1]TIPOLOGIAS!$A:$G,5,0) -> PRINCIPAL | N3: =VLOOKUP(E3,[1]TIPOLOGIAS!$A:$G,4,0) -> BOGOTA | O3: =VLOOKUP(N3,'BASE TARIFA 2025'!E:F,2,0) -> WOMPI CENTRO | P3: =VLOOKUP(M3,'BASE TARIFA 2025'!A:C,3,0) -> 46451 | Q3: =IF(L3="EJECUTADO","100%", "75%") -> 100% | R3: =G3*P3*Q3 -> 46451
A4: 79604 | B4: BOGOTA Y CUNDINAMARCA | C4: CUNDINAMARCA | D4: BOGOTÁ | E4: 11001 | F4: BARRIO PUENTE ARANDA BOGOTA 8 | G4: 1 | H4: FO-25-1736243 | I4: P-FO-ENVIO VISITA DATAFONO WOMPI | J4: VISITA TECNICA | K4: 45965.522 | L4: EJECUTADO | M4: =VLOOKUP(E4,[1]TIPOLOGIAS!$A:$G,5,0) -> PRINCIPAL | N4: =VLOOKUP(E4,[1]TIPOLOGIAS!$A:$G,4,0) -> BOGOTA | O4: =VLOOKUP(N4,'BASE TARIFA 2025'!E:F,2,0) -> WOMPI CENTRO | P4: =VLOOKUP(M4,'BASE TARIFA 2025'!A:C,3,0) -> 46451 | Q4: =IF(L4="EJECUTADO","100%", "75%") -> 100% | R4: =G4*P4*Q4 -> 46451
A5: 66839 | B5: BOGOTA Y CUNDINAMARCA | C5: CUNDINAMARCA | D5: BOGOTÁ | E5: 11001 | F5: BARRIO RAFAEL NUÑEZ BOGOTA | G5: 1 | H5: FO-25-1736248 | I5: P-FO-ENVIO VISITA DATAFONO WOMPI | J5: VISITA TECNICA | K5: 45965.424 | L5: EJECUTADO | M5: =VLOOKUP(E5,[1]TIPOLOGIAS!$A:$G,5,0) -> PRINCIPAL | N5: =VLOOKUP(E5,[1]TIPOLOGIAS!$A:$G,4,0) -> BOGOTA | O5: =VLOOKUP(N5,'BASE TARIFA 2025'!E:F,2,0) -> WOMPI CENTRO | P5: =VLOOKUP(M5,'BASE TARIFA 2025'!A:C,3,0) -> 46451 | Q5: =IF(L5="EJECUTADO","100%", "75%") -> 100% | R5: =G5*P5*Q5 -> 46451
A6: 80346 | B6: BOGOTA Y CUNDINAMARCA | C6: CUNDINAMARCA | D6: BOGOTÁ | E6: 11001 | F6: BARRIO PATIO BONITO BOGOTA 30 | G6: 1 | H6: FO-25-1736250 | I6: P-FO-ENVIO VISITA DATAFONO WOMPI | J6: VISITA TECNICA | K6: 45965.626 | L6: EJECUTADO | M6: =VLOOKUP(E6,[1]TIPOLOGIAS!$A:$G,5,0) -> PRINCIPAL | N6: =VLOOKUP(E6,[1]TIPOLOGIAS!$A:$G,4,0) -> BOGOTA | O6: =VLOOKUP(N6,'BASE TARIFA 2025'!E:F,2,0) -> WOMPI CENTRO | P6: =VLOOKUP(M6,'BASE TARIFA 2025'!A:C,3,0) -> 46451 | Q6: =IF(L6="EJECUTADO","100%", "75%") -> 100% | R6: =G6*P6*Q6 -> 46451
A7: 80003 | B7: CENTRO | C7: NORTE DE SANTANDER | D7: CÚCUTA | E7: 54001 | F7: BARRIO TOLEDO PLATA CUCUTA 4 | G7: 1 | H7: FO-25-1736289 | I7: P-FO-ENVIO VISITA DATAFONO WOMPI | J7: VISITA TECNICA | K7: 45965.568 | L7: EJECUTADO | M7: =VLOOKUP(E7,[1]TIPOLOGIAS!$A:$G,5,0) -> PRINCIPAL | N7: =VLOOKUP(E7,[1]TIPOLOGIAS!$A:$G,4,0) -> CUCUTA | O7: =VLOOKUP(N7,'BASE TARIFA 2025'!E:F,2,0) -> WOMPI SANTANDERES | P7: =VLOOKUP(M7,'BASE TARIFA 2025'!A:C,3,0) -> 46451 | Q7: =IF(L7="EJECUTADO","100%", "75%") -> 100% | R7: =G7*P7*Q7 -> 46451
A8: 80264 | B8: CENTRO | C8: NORTE DE SANTANDER | D8: CÚCUTA | E8: 54001 | F8: BARRIO CLARET CUCUTA 4 | G8: 1 | H8: FO-25-1736290 | I8: P-FO-ENVIO VISITA DATAFONO WOMPI | J8: VISITA TECNICA | K8: 45965.596 | L8: EJECUTADO | M8: =VLOOKUP(E8,[1]TIPOLOGIAS!$A:$G,5,0) -> PRINCIPAL | N8: =VLOOKUP(E8,[1]TIPOLOGIAS!$A:$G,4,0) -> CUCUTA | O8: =VLOOKUP(N8,'BASE TARIFA 2025'!E:F,2,0) -> WOMPI SANTANDERES | P8: =VLOOKUP(M8,'BASE TARIFA 2025'!A:C,3,0) -> 46451 | Q8: =IF(L8="EJECUTADO","100%", "75%") -> 100% | R8: =G8*P8*Q8 -> 46451
A9: 79516 | B9: CENTRO | C9: NORTE DE SANTANDER | D9: LOS PATIOS | E9: 54405 | F9: BARRIO LA CORDIALIDAD LOS PATIOS 11 | G9: 1 | H9: FO-25-1736291 | I9: P-FO-ENVIO VISITA DATAFONO WOMPI | J9: VISITA TECNICA | K9: 45966.413 | L9: EJECUTADO | M9: =VLOOKUP(E9,[1]TIPOLOGIAS!$A:$G,5,0) -> PRINCIPAL | N9: =VLOOKUP(E9,[1]TIPOLOGIAS!$A:$G,4,0) -> CUCUTA | O9: =VLOOKUP(N9,'BASE TARIFA 2025'!E:F,2,0) -> WOMPI SANTANDERES | P9: =VLOOKUP(M9,'BASE TARIFA 2025'!A:C,3,0) -> 46451 | Q9: =IF(L9="EJECUTADO","100%", "75%") -> 100% | R9: =G9*P9*Q9 -> 46451
A10: 79102 | B10: CENTRO | C10: NORTE DE SANTANDER | D10: LOS PATIOS | E10: 54405 | F10: BARRIO ONCE DE NOVIEMBRE LOS PATIOS 8 | G10: 1 | H10: FO-25-1736292 | I10: P-FO-ENVIO VISITA DATAFONO WOMPI | J10: VISITA TECNICA | K10: 45966.585 | L10: EJECUTADO | M10: =VLOOKUP(E10,[1]TIPOLOGIAS!$A:$G,5,0) -> PRINCIPAL | N10: =VLOOKUP(E10,[1]TIPOLOGIAS!$A:$G,4,0) -> CUCUTA | O10: =VLOOKUP(N10,'BASE TARIFA 2025'!E:F,2,0) -> WOMPI SANTANDERES | P10: =VLOOKUP(M10,'BASE TARIFA 2025'!A:C,3,0) -> 46451 | Q10: =IF(L10="EJECUTADO","100%", "75%") -> 100% | R10: =G10*P10*Q10 -> 46451
A11: 80162 | B11: SUR | C11: CALDAS | D11: MANIZALES | E11: 17001 | F11: BARRIO CAMPO HERMOSO MANIZALES | G11: 1 | H11: FO-25-1736300 | I11: P-FO-ENVIO VISITA DATAFONO WOMPI | J11: VISITA TECNICA | K11: 45960.404 | L11: EJECUTADO | M11: =VLOOKUP(E11,[1]TIPOLOGIAS!$A:$G,5,0) -> PRINCIPAL | N11: =VLOOKUP(E11,[1]TIPOLOGIAS!$A:$G,4,0) -> MANIZALES | O11: =VLOOKUP(N11,'BASE TARIFA 2025'!E:F,2,0) -> WOMPI EJE CAFETERO | P11: =VLOOKUP(M11,'BASE TARIFA 2025'!A:C,3,0) -> 46451 | Q11: =IF(L11="EJECUTADO","100%", "75%") -> 100% | R11: =G11*P11*Q11 -> 46451
A12: 76590 | B12: SUR | C12: RISARALDA | D12: DOSQUEBRADAS | E12: 66170 | F12: BARRIO LAGUITOS LA PRADERA DOSQUEBRADAS | G12: 1 | H12: FO-25-1736338 | I12: P-FO-ENVIO VISITA DATAFONO WOMPI | J12: VISITA TECNICA | K12: 45965.624 | L12: EJECUTADO | M12: =VLOOKUP(E12,[1]TIPOLOGIAS!$A:$G,5,0) -> PRINCIPAL | N12: =VLOOKUP(E12,[1]TIPOLOGIAS!$A:$G,4,0) -> PEREIRA | O12: =VLOOKUP(N12,'BASE TARIFA 2025'!E:F,2,0) -> WOMPI EJE CAFETERO | P12: =VLOOKUP(M12,'BASE TARIFA 2025'!A:C,3,0) -> 46451 | Q12: =IF(L12="EJECUTADO","100%", "75%") -> 100% | R12: =G12*P12*Q12 -> 46451
A13: 78608 | B13: SUR | C13: RISARALDA | D13: DOSQUEBRADAS | E13: 66170 | F13: BARRIO MIRADOR LA ESTANCIA DOSQUEBRADAS | G13: 1 | H13: FO-25-1736339 | I13: P-FO-ENVIO VISITA DATAFONO WOMPI | J13: VISITA TECNICA | K13: 45965.532 | L13: EJECUTADO | M13: =VLOOKUP(E13,[1]TIPOLOGIAS!$A:$G,5,0) -> PRINCIPAL | N13: =VLOOKUP(E13,[1]TIPOLOGIAS!$A:$G,4,0) -> PEREIRA | O13: =VLOOKUP(N13,'BASE TARIFA 2025'!E:F,2,0) -> WOMPI EJE CAFETERO | P13: =VLOOKUP(M13,'BASE TARIFA 2025'!A:C,3,0) -> 46451 | Q13: =IF(L13="EJECUTADO","100%", "75%") -> 100% | R13: =G13*P13*Q13 -> 46451
... A362: 74406 | B362: CENTRO | C362: BOYACÁ | D362: TUNJA | E362: 15001 | F362: BARRIO SANTA TERESA TUNJA | G362: 1 | H362: FO-25-1854912 | I362: P-FO-ENVIO VISITA DATAFONO WOMPI | J362: VISITA TECNICA | K362: 45986.578 | L362: EJECUTADO/CANCELADO | M362: =VLOOKUP(E362,[1]TIPOLOGIAS!$A:$G,5,0) -> PRINCIPAL | N362: =VLOOKUP(E362,[1]TIPOLOGIAS!$A:$G,4,0) -> TUNJA | O362: =VLOOKUP(N362,'BASE TARIFA 2025'!E:F,2,0) -> WOMPI SANTANDERES | P362: =VLOOKUP(M362,'BASE TARIFA 2025'!A:C,3,0) -> 46451 | Q362: =IF(L362="EJECUTADO","100%", "75%") -> 75% | R362: =G362*P362*Q362 -> 34838.25
R363: =SUM(R2:R362) -> 31319587

Sheet TD
A1: Centro_de_Costos | B1: Suma de valor total
A2: WOMPI CENTRO | B2: 13208802
A3: WOMPI COSTA | B3: 20516978
A4: WOMPI EJE CAFETERO | B4: 7283418.8
A5: WOMPI NOROCCIDENTE | B5: 22387800
A6: WOMPI ORIENTE | B6: 27170420
A7: WOMPI SANTANDERES | B7: 31539357
A8: WOMPI SUROCCIDENTE | B8: 19106902
A9: Total general | B9: 1.4121368e+08
