Workbook

Sheet RESUMEN
A1: FACTURACIÓN ENTREGA DE ROLLOS A GESTORES
A2: 1 AL 3O DE OCTUBRE 2025
A3: WOMPI
A4: CONCEPTOS | B4: CANTIDAD | C4: TOTAL
A5: ='ENTREGA DE ROLLOS EN BODEGAS'!R1 -> ENTREGA DE ROLLOS EN BODEGAS | B5: =COUNTA('ENTREGA DE ROLLOS EN BODEGAS'!A:A)-1 -> 3484 | C5: ='ENTREGA DE ROLLOS EN BODEGAS'!R3486 -> 72452214
A6: SUBTOTAL | C6: =SUM(C5:C5) -> 72452214
A7: Iva | C7: =C6*0.19 -> 13765921
A8: TOTAL | C8: =SUM(C6:C7) -> 86218135

Sheet BASE TARIFA 2025
A1: PROPONENTE | B1: TIPO ACTIVIDAD | C1: BODEGA | D1: CENTRO DE COSTOS | E1: ENTREGA DE DATAFONOS EN BODEGAS | F1: ENTREGA DE ROLLOS EN BODEGAS
A2: WOMPI (SOLICITUD ADICIONAL) | B2: ENTREGA DE DATAFONOS EN BODEGAS UBICADAS EN CIUDADES PRINCIPALES | C2: MEDELLIN | D2: WOMPI NOROCCIDENTE | E2: 37313 | F2: 15709.5
A3: WOMPI (SOLICITUD ADICIONAL) | B3: ENTREGA DE DATAFONOS EN BODEGAS UBICADAS EN CIUDADES PRINCIPALES | C3: BOGOTA | D3: WOMPI CENTRO | E3: 37313 | F3: 15709.5
A4: WOMPI (SOLICITUD ADICIONAL) | B4: ENTREGA DE DATAFONOS EN BODEGAS UBICADAS EN CIUDADES PRINCIPALES | C4: CALI | D4: WOMPI SUROCCIDENTE | E4: 37313 | F4: 15709.5
A5: WOMPI (SOLICITUD ADICIONAL) | B5: ENTREGA DE DATAFONOS EN BODEGAS UBICADAS EN CIUDADES PRINCIPALES | C5: PEREIRA | D5: WOMPI EJE CAFETERO | E5: 37313 | F5: 15709.5
A6: WOMPI (SOLICITUD ADICIONAL) | B6: ENTREGA DE DATAFONOS EN BODEGAS UBICADAS EN CIUDADES PRINCIPALES | C6: BARRANQUILLA | D6: WOMPI COSTA | E6: 37313 | F6: 15709.5
A7: WOMPI (SOLICITUD ADICIONAL) | B7: ENTREGA DE DATAFONOS EN BODEGAS UBICADAS EN CIUDADES PRINCIPALES | C7: BUCARAMANGA | D7: WOMPI SANTANDERES | E7: 37313 | F7: 15709.5
A8: WOMPI (SOLICITUD ADICIONAL) | B8: ENTREGA DE DATAFONOS EN BODEGAS UBICADAS EN CIUDADES PRINCIPALES | C8: MONTERIA | D8: WOMPI COSTA | E8: 37313 | F8: 15709.5
A9: WOMPI (SOLICITUD ADICIONAL) | B9: ENTREGA DE DATAFONOS EN BODEGAS UBICADAS EN CIUDADES REMOTAS CERTIFICADAS | C9: CUCUTA | D9: WOMPI SANTANDERES | E9: 49671.7 | F9: 28277.1
A10: WOMPI (SOLICITUD ADICIONAL) | B10: ENTREGA DE DATAFONOS EN BODEGAS UBICADAS EN CIUDADES REMOTAS CERTIFICADAS | C10: NEIVA | D10: WOMPI ORIENTE | E10: 49671.7 | F10: 28277.1
A11: WOMPI (SOLICITUD ADICIONAL) | B11: ENTREGA DE DATAFONOS EN BODEGAS UBICADAS EN CIUDADES REMOTAS CERTIFICADAS | C11: SANTA MARTA | D11: WOMPI COSTA | E11: 49671.7 | F11: 28277.1
A12: WOMPI (SOLICITUD ADICIONAL) | B12: ENTREGA DE DATAFONOS EN BODEGAS UBICADAS EN CIUDADES REMOTAS CERTIFICADAS | C12: TUNJA | D12: WOMPI SANTANDERES | E12: 49671.7 | F12: 28277.1
A13: WOMPI (SOLICITUD ADICIONAL) | B13: ENTREGA DE DATAFONOS EN BODEGAS UBICADAS EN CIUDADES REMOTAS CERTIFICADAS | C13: VILLAVICENCIO | D13: WOMPI ORIENTE | E13: 49671.7 | F13: 28277.1
... A23: WOMPI (SOLICITUD ADICIONAL) | B23: ENTREGA DE DATAFONOS EN BODEGAS UBICADAS EN CIUDADES REMOTAS NO CERTIFICADAS | C23: YOPAL | D23: WOMPI ORIENTE | E23: 49671.7 | F23: 28277.1

Sheet TD
A1: Centro_de_Costos | B1: Suma de ENTREGA DE ROLLOS EN BODEGAS
A2: WOMPI CENTRO | B2: 11499354
A3: WOMPI COSTA | B3: 10374554
A4: WOMPI EJE CAFETERO | B4: 5674271.4
A5: WOMPI NOROCCIDENTE | B5: 5067884.7
A6: WOMPI ORIENTE | B6: 13516454
A7: WOMPI SANTANDERES | B7: 15920007
A8: WOMPI SUROCCIDENTE | B8: 10399689
A9: Total general | B9: 72452214

Sheet Hoja1
A1: Codigo_Punto | B1: cantidad_equipos | C1: CANTIDAD DE ROLLOS
A2: 77794 | B2: 1 | C2: 8
A3: 75357 | B3: 1 | C3: 8
A4: 68846 | B4: 1 | C4: 8
A5: 66944 | B5: 1 | C5: 8
A6: 61928 | B6: 1 | C6: 8
A7: 47809 | B7: 1 | C7: 8
A8: 46151 | B8: 1 | C8: 8
A9: 44901 | B9: 1 | C9: 8
A10: 43438 | B10: 1 | C10: 8
A11: 40045 | B11: 1 | C11: 8
A12: 39165 | B12: 1 | C12: 8
A13: 33954 | B13: 1 | C13: 8
... A12120: 81210 | B12120: 1 | C12120: 8

Sheet ENTREGA DE ROLLOS EN BODEGAS
A1: Codigo_Punto | B1: Nombre_Punto | C1: Nit_CC_Persona | D1: TelefonoCB | E1: Celular_Contacto1 | F1: Celular_dueno | G1: Dirección_Establecimiento | H1: Latitud | I1: Longitud | J1: Departamento | K1: Municipio | L1: Corregimiento | M1: Codigo_Dane | N1: Fecha_Migracion | O1: Cantidad de Rollos por CB | P1: Bodega | Q1: Centro_de_Costos | R1: ENTREGA DE ROLLOS EN BODEGAS
A2: 36442 | B2: BARRIO SANTA TERESITA RIONEGRO | C2: 15429397 | D2: 6146333 | E2: 3225817414 | F2: 3219593986 | G2: CL 47 B 68 B 13 | H2: 6.1514384 | I2: -75.3879517 | J2: ANTIOQUIA | K2: RIONEGRO | L2: RIONEGRO | M2: 5615 | N2: 2025-10-01 | O2: =VLOOKUP(A2,Hoja1!A:C,3,0) -> 16 | P2: =VLOOKUP(M2,[1]TIPOLOGIAS_CB!$A:$F,4,0) -> MEDELLIN | Q2: =VLOOKUP(P2,'BASE TARIFA 2025'!C:D,2,0) -> WOMPI NOROCCIDENTE | R2: =VLOOKUP(P2,'BASE TARIFA 2025'!C:F,4,0) -> 15709.5
A3: 50236 | B3: BARRIO AL CAPILLA RIONEGRO | C3: 70289578 | D3: 0 | E3: 3113483494 | F3: 3113483494 | G3: CL 47 53 A 06,LA CAPILLA | H3: 6.1517454 | I3: -75.3766195 | J3: ANTIOQUIA | K3: RIONEGRO | L3: RIONEGRO | M3: 5615 | N3: 2025-10-01 | O3: =VLOOKUP(A3,Hoja1!A:C,3,0) -> 8 | P3: =VLOOKUP(M3,[1]TIPOLOGIAS_CB!$A:$F,4,0) -> MEDELLIN | Q3: =VLOOKUP(P3,'BASE TARIFA 2025'!C:D,2,0) -> WOMPI NOROCCIDENTE | R3: =VLOOKUP(P3,'BASE TARIFA 2025'!C:F,4,0) -> 15709.5
A4: 63252 | B4: BARRIO LA CAPILLA RIONEGRO 1 | C4: 52112772 | D4: 3052234534 | E4: 3052234534 | F4: 3052234534 | G4: CL 47 53 11 ZN URBANA RIONEGRO ANT,LA CAPILLA | H4: 6.1516913 | I4: -75.3763106 | J4: ANTIOQUIA | K4: RIONEGRO | L4: RIONEGRO | M4: 5615 | N4: 2025-10-01 | O4: =VLOOKUP(A4,Hoja1!A:C,3,0) -> 16 | P4: =VLOOKUP(M4,[1]TIPOLOGIAS_CB!$A:$F,4,0) -> MEDELLIN | Q4: =VLOOKUP(P4,'BASE TARIFA 2025'!C:D,2,0) -> WOMPI NOROCCIDENTE | R4: =VLOOKUP(P4,'BASE TARIFA 2025'!C:F,4,0) -> 15709.5
A5: 77015 | B5: BARRIO CENTRO RIONEGRO 4 | C5: 79570514 | D5: 3144207916 | E5: 3015438349 | F5: 3144207916 | G5: CL 47 76 30 CC RESERVA PLAZA LC 1013,CENTRO | H5: 6.1515052 | I5: -75.3924254 | J5: ANTIOQUIA | K5: RIONEGRO | L5: RIONEGRO | M5: 5615 | N5: 2025-10-01 | O5: =VLOOKUP(A5,Hoja1!A:C,3,0) -> 8 | P5: =VLOOKUP(M5,[1]TIPOLOGIAS_CB!$A:$F,4,0) -> MEDELLIN | Q5: =VLOOKUP(P5,'BASE TARIFA 2025'!C:D,2,0) -> WOMPI NOROCCIDENTE | R5: =VLOOKUP(P5,'BASE TARIFA 2025'!C:F,4,0) -> 15709.5
A6: 10438 | B6: CHINA - ANTIOQUIA | C6: 21464812 | D6: 4388717 | E6: 3122011685 | F6: 3122011685 | G6: RURAL_SAN FELIX VRD LA CHINA | H6: 6.3991575 | I6: -75.6147664 | J6: ANTIOQUIA | K6: SAN PEDRO DE LOS MILAGROS | L6: SAN PEDRO DE LOS MILAGROS | M6: 5664 | N6: 2025-10-02 | O6: =VLOOKUP(A6,Hoja1!A:C,3,0) -> 8 | P6: =VLOOKUP(M6,[1]TIPOLOGIAS_CB!$A:$F,4,0) -> MEDELLIN | Q6: =VLOOKUP(P6,'BASE TARIFA 2025'!C:D,2,0) -> WOMPI NOROCCIDENTE | R6: =VLOOKUP(P6,'BASE TARIFA 2025'!C:F,4,0) -> 15709.5
A7: 25843 | B7: CRA 50 #46-92 SAN PEDRO DE LOS MILAGROS - ANTIOQUIA | C7: 98664630 | D7: 8688702 | E7: 3104575719 | F7: 3104575719 | G7: CR 50 46 92 | H7: 6.4608238 | I7: -75.5568907 | J7: ANTIOQUIA | K7: SAN PEDRO DE LOS MILAGROS | L7: SAN PEDRO DE LOS MILAGROS | M7: 5664 | N7: 2025-10-02 | O7: =VLOOKUP(A7,Hoja1!A:C,3,0) -> 8 | P7: =VLOOKUP(M7,[1]TIPOLOGIAS_CB!$A:$F,4,0) -> MEDELLIN | Q7: =VLOOKUP(P7,'BASE TARIFA 2025'!C:D,2,0) -> WOMPI NOROCCIDENTE | R7: =VLOOKUP(P7,'BASE TARIFA 2025'!C:F,4,0) -> 15709.5
A8: 25984 | B8: BELEN SAN PEDRO DE LOS MILAGROS - ANTIOQUIA | C8: 42903068 | D8: 8663993 | E8: 3144822263 | F8: 3144822263 | G8: CL49N51A31 SAN PEDRO DE LOS MILAGROS SAN PEDRO ANTIOQUIA | H8: 6.46200115 | I8: -75.55670518 | J8: ANTIOQUIA | K8: SAN PEDRO DE LOS MILAGROS | L8: SAN PEDRO DE LOS MILAGROS | M8: 5664 | N8: 2025-10-02 | O8: =VLOOKUP(A8,Hoja1!A:C,3,0) -> 8 | P8: =VLOOKUP(M8,[1]TIPOLOGIAS_CB!$A:$F,4,0) -> MEDELLIN | Q8: =VLOOKUP(P8,'BASE TARIFA 2025'!C:D,2,0) -> WOMPI NOROCCIDENTE | R8: =VLOOKUP(P8,'BASE TARIFA 2025'!C:F,4,0) -> 15709.5
A9: 21444 | B9: CL PRINCIPAL SAN PEDRO | C9: 70197042 | D9: 8687415 | E9: 3137339977 | F9: 3137339977 | G9: CR 51B 50 49 | H9: 6.46120599 | I9: -75.55607688 | J9: ANTIOQUIA | K9: SAN PEDRO DE LOS MILAGROS | L9: SAN PEDRO DE LOS MILAGROS | M9: 5664 | N9: 2025-10-02 | O9: =VLOOKUP(A9,Hoja1!A:C,3,0) -> 16 | P9: =VLOOKUP(M9,[1]TIPOLOGIAS_CB!$A:$F,4,0) -> MEDELLIN | Q9: =VLOOKUP(P9,'BASE TARIFA 2025'!C:D,2,0) -> WOMPI NOROCCIDENTE | R9: =VLOOKUP(P9,'BASE TARIFA 2025'!C:F,4,0) -> 15709.5
A10: 10105 | B10: RETIRO II | C10: 71555939 | D10: 5411057 | E10: 3206750647 | F10: 3206750647 | G10: KM 2 VIA LA MARIA FRENTE A ESTACION PINARES | H10: 6.0748682 | I10: -75.4970617 | J10: ANTIOQUIA | K10: RETIRO | L10: RETIRO | M10: 5607 | N10: 2025-10-22 | O10: =VLOOKUP(A10,Hoja1!A:C,3,0) -> 8 | P10: =VLOOKUP(M10,[1]TIPOLOGIAS_CB!$A:$F,4,0) -> MEDELLIN | Q10: =VLOOKUP(P10,'BASE TARIFA 2025'!C:D,2,0) -> WOMPI NOROCCIDENTE | R10: =VLOOKUP(P10,'BASE TARIFA 2025'!C:F,4,0) -> 15709.5
A11: 31280 | B11: BARRIO EL PINO | C11: 1040180913 | D11: 5410393 | E11: 3136371106 | F11: 3136371106 | G11: CR 22 23 A 17 | H11: 6.0600423 | I11: -75.5038871 | J11: ANTIOQUIA | K11: RETIRO | L11: RETIRO | M11: 5607 | N11: 2025-10-22 | O11: =VLOOKUP(A11,Hoja1!A:C,3,0) -> 16 | P11: =VLOOKUP(M11,[1]TIPOLOGIAS_CB!$A:$F,4,0) -> MEDELLIN | Q11: =VLOOKUP(P11,'BASE TARIFA 2025'!C:D,2,0) -> WOMPI NOROCCIDENTE | R11: =VLOOKUP(P11,'BASE TARIFA 2025'!C:F,4,0) -> 15709.5
A12: 36661 | B12: BARRIO EL RETIRO RETIRO | C12: 21954026 | D12: 5414611 | E12: 3154037196 | F12: 3154037196 | G12: CR 20 CL 24 190 EL RETIRO | H12: 6.0622023 | I12: -75.5020615 | J12: ANTIOQUIA | K12: RETIRO | L12: RETIRO | M12: 5607 | N12: 2025-10-22 | O12: =VLOOKUP(A12,Hoja1!A:C,3,0) -> 8 | P12: =VLOOKUP(M12,[1]TIPOLOGIAS_CB!$A:$F,4,0) -> MEDELLIN | Q12: =VLOOKUP(P12,'BASE TARIFA 2025'!C:D,2,0) -> WOMPI NOROCCIDENTE | R12: =VLOOKUP(P12,'BASE TARIFA 2025'!C:F,4,0) -> 15709.5
A13: 37131 | B13: BARRIO BICENTENARIO RETIRO | C13: 1040180195 | E13: 3147315434 | F13: 3147315434 | G13: CL 28 17 53 | H13: 6.062802 | I13: -75.499519 | J13: ANTIOQUIA | K13: RETIRO | L13: RETIRO | M13: 5607 | N13: 2025-10-22 | O13: =VLOOKUP(A13,Hoja1!A:C,3,0) -> 8 | P13: =VLOOKUP(M13,[1]TIPOLOGIAS_CB!$A:$F,4,0) -> MEDELLIN | Q13: =VLOOKUP(P13,'BASE TARIFA 2025'!C:D,2,0) -> WOMPI NOROCCIDENTE | R13: =VLOOKUP(P13,'BASE TARIFA 2025'!C:F,4,0) -> 15709.5
A14: 48261 | B14: BARRIO CENTRO RETIRO 1 | C14: 43689639 | D14: 0 | E14: 3233720447 | F14: 3213535244 | G14: CR 20 23 69,CENTRO | H14: 6.0602618 | I14: -75.5028651 | J14: ANTIOQUIA | K14: RETIRO | L14: RETIRO | M14: 5607 | N14: 2025-10-22 | O14: =VLOOKUP(A14,Hoja1!A:C,3,0) -> 8 | P14: =VLOOKUP(M14,[1]TIPOLOGIAS_CB!$A:$F,4,0) -> MEDELLIN | Q14: =VLOOKUP(P14,'BASE TARIFA 2025'!C:D,2,0) -> WOMPI NOROCCIDENTE | R14: =VLOOKUP(P14,'BASE TARIFA 2025'!C:F,4,0) -> 15709.5
A15: 53856 | B15: BARRIO OBRERO AGUSTIN CODAZZI | C15: 1065598199 | D15: 318 6436957 | E15: 3186436957 | F15: 3186436957 | G15: CL 12 10 26 LC 1,BRR OBRERO | H15: 10.03343861 | I15: -73.22936569 | J15: CESAR | K15: AGUSTÍN CODAZZI | L15: AGUSTÍN CODAZZI | M15: 20013 | N15: 2025-10-01 | O15: =VLOOKUP(A15,Hoja1!A:C,3,0) -> 16 | P15: =VLOOKUP(M15,[1]TIPOLOGIAS_CB!$A:$F,4,0) -> VALLEDUPAR | Q15: =VLOOKUP(P15,'BASE TARIFA 2025'!C:D,2,0) -> WOMPI COSTA | R15: =VLOOKUP(P15,'BASE TARIFA 2025'!C:F,4,0) -> 28277.1
A16: 63270 | B16: BARRIO CENTRO AGUSTIN CODAZZI 5 | C16: 1065873778 | D16: 3226493768 | E16: 3106153055 | F16: 3226493768 | G16: CR 14B 10 14 | H16: 10.028191 | I16: -73.2344330 | J16: CESAR | K16: AGUSTÍN CODAZZI | L16: AGUSTÍN CODAZZI | M16: 20013 | N16: 2025-10-01 | O16: =VLOOKUP(A16,Hoja1!A:C,3,0) -> 8 | P16: =VLOOKUP(M16,[1]TIPOLOGIAS_CB!$A:$F,4,0) -> VALLEDUPAR | Q16: =VLOOKUP(P16,'BASE TARIFA 2025'!C:D,2,0) -> WOMPI COSTA | R16: =VLOOKUP(P16,'BASE TARIFA 2025'!C:F,4,0) -> 28277.1
A17: 77212 | B17: BARRIO LOS LAURELES AGUSTÍN CODAZZI | C17: 1037369385 | D17: 3134473122 | E17: 3138547320 | F17: 3138547320 | G17: CL 25 10A 55,LOS LAURELES | H17: 10.04127909 | I17: -73.23060437 | J17: CESAR | K17: AGUSTÍN CODAZZI | L17: AGUSTÍN CODAZZI | M17: 20013 | N17: 2025-10-20 | O17: =VLOOKUP(A17,Hoja1!A:C,3,0) -> 16 | P17: =VLOOKUP(M17,[1]TIPOLOGIAS_CB!$A:$F,4,0) -> VALLEDUPAR | Q17: =VLOOKUP(P17,'BASE TARIFA 2025'!C:D,2,0) -> WOMPI COSTA | R17: =VLOOKUP(P17,'BASE TARIFA 2025'!C:F,4,0) -> 28277.1
A18: 79176 | B18: BARRIO SAN VICENTE AGUSTIN CODAZZI | C18: 1019038961 | D18: 3112107629 | E18: 3112107629 | G18: CL 16 7 A 81 BRR SAN VICENTE FRENTE AL MEGACOLEGIO,SAN VICENTE | H18: 10.0366189 | I18: -73.2281743 | J18: CESAR | K18: AGUSTÍN CODAZZI | L18: AGUSTÍN CODAZZI | M18: 20013 | N18: 2025-10-20 | O18: =VLOOKUP(A18,Hoja1!A:C,3,0) -> 8 | P18: =VLOOKUP(M18,[1]TIPOLOGIAS_CB!$A:$F,4,0) -> VALLEDUPAR | Q18: =VLOOKUP(P18,'BASE TARIFA 2025'!C:D,2,0) -> WOMPI COSTA | R18: =VLOOKUP(P18,'BASE TARIFA 2025'!C:F,4,0) -> 28277.1
A19: 78147 | B19: BARRIO EL CARMEN AGUSTIN CODAZZI 1 | C19: 15207169 | D19: 3206849190 | E19: 3138054270 | F19: 3206849190 | G19: CR 2 CL 8-37 CGT DE CASACARA,EL CARMEN | H19: 9.83297781 | I19: -73.26544097 | J19: CESAR | K19: AGUSTÍN CODAZZI | L19: AGUSTÍN CODAZZI | M19: 20013 | N19: 2025-10-20 | O19: =VLOOKUP(A19,Hoja1!A:C,3,0) -> 8 | P19: =VLOOKUP(M19,[1]TIPOLOGIAS_CB!$A:$F,4,0) -> VALLEDUPAR | Q19: =VLOOKUP(P19,'BASE TARIFA 2025'!C:D,2,0) -> WOMPI COSTA | R19: =VLOOKUP(P19,'BASE TARIFA 2025'!C:F,4,0) -> 28277.1
A20: 23981 | B20: BARRIO INSPECCIÓN SAN ANTONIO - ANAPOIMA | C20: 178740 | D20: 3113377 | E20: 3166265023 | F20: 3166265023 | G20: CL 2 0 39 | H20: 4.54834744 | I20: -74.53531745 | J20: CUNDINAMARCA | K20: ANAPOIMA | L20: ANAPOIMA | M20: 25035 | N20: 2025-10-29 | O20: =VLOOKUP(A20,Hoja1!A:C,3,0) -> 8 | P20: =VLOOKUP(M20,[1]TIPOLOGIAS_CB!$A:$F,4,0) -> BOGOTA | Q20: =VLOOKUP(P20,'BASE TARIFA 2025'!C:D,2,0) -> WOMPI CENTRO | R20: =VLOOKUP(P20,'BASE TARIFA 2025'!C:F,4,0) -> 15709.5
A21: 61831 | B21: BARRIO SAN JOSE ANAPOIMA | C21: 1072963209 | D21: 0 | E21: 3105832113 | F21: 3105832113 | G21: CL 4 SUR 2 - 25 BRR SAN JOSE | H21: 4.546282 | I21: -74.537522 | J21: CUNDINAMARCA | K21: ANAPOIMA | L21: ANAPOIMA | M21: 25035 | N21: 2025-10-29 | O21: =VLOOKUP(A21,Hoja1!A:C,3,0) -> 8 | P21: =VLOOKUP(M21,[1]TIPOLOGIAS_CB!$A:$F,4,0) -> BOGOTA | Q21: =VLOOKUP(P21,'BASE TARIFA 2025'!C:D,2,0) -> WOMPI CENTRO | R21: =VLOOKUP(P21,'BASE TARIFA 2025'!C:F,4,0) -> 15709.5
A22: 64899 | B22: BARRIO CENTRO ANAPOIMA | C22: 179625 | D22: 3104857101 | E22: 3212072633 | F22: 3104857101 | G22: CR 5 2 42,CENTRO | H22: 4.5506814 | I22: -74.5370481 | J22: CUNDINAMARCA | K22: ANAPOIMA | L22: ANAPOIMA | M22: 25035 | N22: 2025-10-29 | O22: =VLOOKUP(A22,Hoja1!A:C,3,0) -> 8 | P22: =VLOOKUP(M22,[1]TIPOLOGIAS_CB!$A:$F,4,0) -> BOGOTA | Q22: =VLOOKUP(P22,'BASE TARIFA 2025'!C:D,2,0) -> WOMPI CENTRO | R22: =VLOOKUP(P22,'BASE TARIFA 2025'!C:F,4,0) -> 15709.5
A23: 79593 | B23: BARRIO CENTRO ANAPOIMA ANAPOIMA | C23: 1072421882 | D23: 3103092748 | E23: 3143987547 | F23: 3103092748 | G23: CR 4 4 34 CENTRO LC 3,CENTRO ANAPOIMA | H23: 4.5511976 | I23: -74.5358795 | J23: CUNDINAMARCA | K23: ANAPOIMA | L23: ANAPOIMA | M23: 25035 | N23: 2025-10-29 | O23: =VLOOKUP(A23,Hoja1!A:C,3,0) -> 8 | P23: =VLOOKUP(M23,[1]TIPOLOGIAS_CB!$A:$F,4,0) -> BOGOTA | Q23: =VLOOKUP(P23,'BASE TARIFA 2025'!C:D,2,0) -> WOMPI CENTRO | R23: =VLOOKUP(P23,'BASE TARIFA 2025'!C:F,4,0) -> 15709.5
A24: 25026 | B24: BARRIO LA FLORIDA - ANOLAIMA | C24: 2956676 | D24: 7917958 | E24: 3125207038 | F24: 3227175040 | G24: CARRERA 3 N 2 64 | H24: 4.7722716 | I24: -74.4327333 | J24: CUNDINAMARCA | K24: ANOLAIMA | L24: ANOLAIMA | M24: 25040 | N24: 2025-10-22 | O24: =VLOOKUP(A24,Hoja1!A:C,3,0) -> 8 | P24: =VLOOKUP(M24,[1]TIPOLOGIAS_CB!$A:$F,4,0) -> BOGOTA | Q24: =VLOOKUP(P24,'BASE TARIFA 2025'!C:D,2,0) -> WOMPI CENTRO | R24: =VLOOKUP(P24,'BASE TARIFA 2025'!C:F,4,0) -> 15709.5
A25: 24659 | B25: BARRIO CENTRO - ANOLAIMA | C25: 20371142 | E25: 3102528191 | F25: 3102528191 | G25: CR 5 2 49 | H25: 4.7618002 | I25: -74.4643374 | J25: CUNDINAMARCA | K25: ANOLAIMA | L25: ANOLAIMA | M25: 25040 | N25: 2025-10-21 | O25: =VLOOKUP(A25,Hoja1!A:C,3,0) -> 8 | P25: =VLOOKUP(M25,[1]TIPOLOGIAS_CB!$A:$F,4,0) -> BOGOTA | Q25: =VLOOKUP(P25,'BASE TARIFA 2025'!C:D,2,0) -> WOMPI CENTRO | R25: =VLOOKUP(P25,'BASE TARIFA 2025'!C:F,4,0) -> 15709.5
A26: 50472 | B26: BARRIO ANOLAIMA ANOLAIMA | C26: 1068929088 | D26: 0 | E26: 3102406542 | F26: 3134389229 | G26: CL 6 3 15 B SAN VICENTE,ANOLAIMA | H26: 4.76050633 | I26: -74.466162 | J26: CUNDINAMARCA | K26: ANOLAIMA | L26: ANOLAIMA | M26: 25040 | N26: 2025-10-21 | O26: =VLOOKUP(A26,Hoja1!A:C,3,0) -> 8 | P26: =VLOOKUP(M26,[1]TIPOLOGIAS_CB!$A:$F,4,0) -> BOGOTA | Q26: =VLOOKUP(P26,'BASE TARIFA 2025'!C:D,2,0) -> WOMPI CENTRO | R26: =VLOOKUP(P26,'BASE TARIFA 2025'!C:F,4,0) -> 15709.5
A27: 52972 | B27: BARRIO CENTRO POBLADO REDENTORES ANOLAIMA | C27: 1068927112 | D27: 1111111 | E27: 3143248816 | F27: 3143248816 | G27: CARRERA 1 2 - 12 CENTRO POBLADO REDENTORES , | H27: 4.806786 | I27: -74.494767 | J27: CUNDINAMARCA | K27: ANOLAIMA | L27: ANOLAIMA | M27: 25040 | N27: 2025-10-21 | O27: =VLOOKUP(A27,Hoja1!A:C,3,0) -> 8 | P27: =VLOOKUP(M27,[1]TIPOLOGIAS_CB!$A:$F,4,0) -> BOGOTA | Q27: =VLOOKUP(P27,'BASE TARIFA 2025'!C:D,2,0) -> WOMPI CENTRO | R27: =VLOOKUP(P27,'BASE TARIFA 2025'!C:F,4,0) -> 15709.5
A28: 59691 | B28: BARRIO CENTRO ANOLAIMA 1 | C28: 1071549590 | D28: 0 | E28: 3184412533 | F28: 3184412533 | G28: CR 5 4 75 | H28: 4.7605148 | I28: -74.4650747 | J28: CUNDINAMARCA | K28: ANOLAIMA | L28: ANOLAIMA | M28: 25040 | N28: 2025-10-21 | O28: =VLOOKUP(A28,Hoja1!A:C,3,0) -> 8 | P28: =VLOOKUP(M28,[1]TIPOLOGIAS_CB!$A:$F,4,0) -> BOGOTA | Q28: =VLOOKUP(P28,'BASE TARIFA 2025'!C:D,2,0) -> WOMPI CENTRO | R28: =VLOOKUP(P28,'BASE TARIFA 2025'!C:F,4,0) -> 15709.5
A29: 68730 | B29: SANTANDER ANOLAIMA | C29: 20371157 | D29: 3125687479 | E29: 3125687479 | F29: 3125687479 | G29: CR 5 1 A 22 BRR SANTANDER.SANTANDER | H29: 4.7624000 | I29: -74.4640210 | J29: CUNDINAMARCA | K29: ANOLAIMA | L29: ANOLAIMA | M29: 25040 | N29: 2025-10-22 | O29: =VLOOKUP(A29,Hoja1!A:C,3,0) -> 8 | P29: =VLOOKUP(M29,[1]TIPOLOGIAS_CB!$A:$F,4,0) -> BOGOTA | Q29: =VLOOKUP(P29,'BASE TARIFA 2025'!C:D,2,0) -> WOMPI CENTRO | R29: =VLOOKUP(P29,'BASE TARIFA 2025'!C:F,4,0) -> 15709.5
A30: 77795 | B30: BARRIO VRD RINCON SANTO CAJICA | C30: 52665811 | D30: 3014751724 | E30: 3014751724 | F30: 3112845456 | G30: CL 22A 1B - 98.VRD RINCON SANTO | H30: 4.934245 | I30: -74.015613 | J30: CUNDINAMARCA | K30: CAJICÁ | L30: CAJICÁ | M30: 25126 | N30: 2025-10-20 | O30: =VLOOKUP(A30,Hoja1!A:C,3,0) -> 8 | P30: =VLOOKUP(M30,[1]TIPOLOGIAS_CB!$A:$F,4,0) -> BOGOTA | Q30: =VLOOKUP(P30,'BASE TARIFA 2025'!C:D,2,0) -> WOMPI CENTRO | R30: =VLOOKUP(P30,'BASE TARIFA 2025'!C:F,4,0) -> 15709.5
A31: 76713 | B31: BARRIO CAPELLANIA CAJICA 7 | C31: 11275209 | D31: 3229429247 | E31: 3229429247 | F31: 3138650773 | G31: CR 4 3 246,CAPELLANIA | H31: 4.9396277 | I31: -74.0224145 | J31: CUNDINAMARCA | K31: CAJICÁ | L31: CAJICÁ | M31: 25126 | N31: 2025-10-16 | O31: =VLOOKUP(A31,Hoja1!A:C,3,0) -> 8 | P31: =VLOOKUP(M31,[1]TIPOLOGIAS_CB!$A:$F,4,0) -> BOGOTA | Q31: =VLOOKUP(P31,'BASE TARIFA 2025'!C:D,2,0) -> WOMPI CENTRO | R31: =VLOOKUP(P31,'BASE TARIFA 2025'!C:F,4,0) -> 15709.5
A32: 80355 | B32: BARRIO GRAN COLOMBIA CAJICA 1 | C32: 1001289276 | D32: 3155854356 | E32: 3155854356 | G32: CR 1A 7A ESTE 05,GRAN COLOMBIA | H32: 4.9135360 | I32: -74.0181870 | J32: CUNDINAMARCA | K32: CAJICÁ | L32: CAJICÁ | M32: 25126 | N32: 2025-10-20 | O32: =VLOOKUP(A32,Hoja1!A:C,3,0) -> 8 | P32: =VLOOKUP(M32,[1]TIPOLOGIAS_CB!$A:$F,4,0) -> BOGOTA | Q32: =VLOOKUP(P32,'BASE TARIFA 2025'!C:D,2,0) -> WOMPI CENTRO | R32: =VLOOKUP(P32,'BASE TARIFA 2025'!C:F,4,0) -> 15709.5
A33: 62450 | B33: BARRIO EL TEJAR CAJICA 1 | C33: 1074188491 | D33: 3195833415 | E33: 3195833415 | F33: 3195833415 | G33: CR 14 5 10,EL TEJAR | H33: 4.922845 | I33: -74.032923 | J33: CUNDINAMARCA | K33: CAJICÁ | L33: CAJICÁ | M33: 25126 | N33: 2025-10-16 | O33: =VLOOKUP(A33,Hoja1!A:C,3,0) -> 8 | P33: =VLOOKUP(M33,[1]TIPOLOGIAS_CB!$A:$F,4,0) -> BOGOTA | Q33: =VLOOKUP(P33,'BASE TARIFA 2025'!C:D,2,0) -> WOMPI CENTRO | R33: =VLOOKUP(P33,'BASE TARIFA 2025'!C:F,4,0) -> 15709.5
A34: 71891 | B34: CAJICA CENTRO 1 | C34: 1070010215 | D34: 3107561770 | E34: 3107561770 | F34: 3107561770 | G34: CL 5 9 04.CENTRO | H34: 4.9211968 | I34: -74.0288862 | J34: CUNDINAMARCA | K34: CAJICÁ | L34: CAJICÁ | M34: 25126 | N34: 2025-10-10 | O34: =VLOOKUP(A34,Hoja1!A:C,3,0) -> 8 | P34: =VLOOKUP(M34,[1]TIPOLOGIAS_CB!$A:$F,4,0) -> BOGOTA | Q34: =VLOOKUP(P34,'BASE TARIFA 2025'!C:D,2,0) -> WOMPI CENTRO | R34: =VLOOKUP(P34,'BASE TARIFA 2025'!C:F,4,0) -> 15709.5
A35: 74202 | B35: BARRIO EL MISTERIO CAJICÁ | C35: 1026302804 | D35: 3183568255 | E35: 3183568255 | F35: 3183568255 | G35: CR 1 ESTE 11 - 44,EL MISTERIO | H35: 4.9245981 | I35: -74.0206736 | J35: CUNDINAMARCA | K35: CAJICÁ | L35: CAJICÁ | M35: 25126 | N35: 2025-10-16 | O35: =VLOOKUP(A35,Hoja1!A:C,3,0) -> 8 | P35: =VLOOKUP(M35,[1]TIPOLOGIAS_CB!$A:$F,4,0) -> BOGOTA | Q35: =VLOOKUP(P35,'BASE TARIFA 2025'!C:D,2,0) -> WOMPI CENTRO | R35: =VLOOKUP(P35,'BASE TARIFA 2025'!C:F,4,0) -> 15709.5
A36: 74506 | B36: BARRIO AVENIDA CAVALIER CAJICA | C36: 46386203 | D36: 3142764027 | E36: 3142764027 | F36: 3142764027 | G36: CL 3 9 66.AV CAVALIER | H36: 4.9191024 | I36: -74.0301437 | J36: CUNDINAMARCA | K36: CAJICÁ | L36: CAJICÁ | M36: 25126 | N36: 2025-10-10 | O36: =VLOOKUP(A36,Hoja1!A:C,3,0) -> 8 | P36: =VLOOKUP(M36,[1]TIPOLOGIAS_CB!$A:$F,4,0) -> BOGOTA | Q36: =VLOOKUP(P36,'BASE TARIFA 2025'!C:D,2,0) -> WOMPI CENTRO | R36: =VLOOKUP(P36,'BASE TARIFA 2025'!C:F,4,0) -> 15709.5
A37: 57440 | B37: BARRIO ROSIO CAJICA | C37: 1049604411 | D37: 6018664566 | E37: 3172463319 | F37: 3172463319 | G37: CL 7 6 80 | H37: 4.9224814 | I37: -74.0257304 | J37: CUNDINAMARCA | K37: CAJICÁ | L37: CAJICÁ | M37: 25126 | N37: 2025-10-10 | O37: =VLOOKUP(A37,Hoja1!A:C,3,0) -> 16 | P37: =VLOOKUP(M37,[1]TIPOLOGIAS_CB!$A:$F,4,0) -> BOGOTA | Q37: =VLOOKUP(P37,'BASE TARIFA 2025'!C:D,2,0) -> WOMPI CENTRO | R37: =VLOOKUP(P37,'BASE TARIFA 2025'!C:F,4,0) -> 15709.5
A38: 57533 | B38: BARRIO CENTRO CAJICA 6 | C38: 52665591 | D38: 3127052145 | E38: 3127052145 | F38: 3127052145 | G38: CL 6 9A - 114E GRANJITAS | H38: 4.918143 | I38: -74.013866 | J38: CUNDINAMARCA | K38: CAJICÁ | L38: CAJICÁ | M38: 25126 | N38: 2025-10-16 | O38: =VLOOKUP(A38,Hoja1!A:C,3,0) -> 16 | P38: =VLOOKUP(M38,[1]TIPOLOGIAS_CB!$A:$F,4,0) -> BOGOTA | Q38: =VLOOKUP(P38,'BASE TARIFA 2025'!C:D,2,0) -> WOMPI CENTRO | R38: =VLOOKUP(P38,'BASE TARIFA 2025'!C:F,4,0) -> 15709.5
A39: 28143 | B39: BARRIO CENTRO CHOACHI | C39: 80392700 | D39: 8486166 | E39: 3108516383 | F39: 3108516383 | G39: CL 5 2 15 | H39: 4.5301188 | I39: -73.9221893 | J39: CUNDINAMARCA | K39: CHOACHÍ | L39: CHOACHÍ | M39: 25181 | N39: 2025-10-16 | O39: =VLOOKUP(A39,Hoja1!A:C,3,0) -> 8 | P39: =VLOOKUP(M39,[1]TIPOLOGIAS_CB!$A:$F,4,0) -> BOGOTA | Q39: =VLOOKUP(P39,'BASE TARIFA 2025'!C:D,2,0) -> WOMPI CENTRO | R39: =VLOOKUP(P39,'BASE TARIFA 2025'!C:F,4,0) -> 15709.5
A40: 29328 | B40: BARRIO CHOACHI CUNDINAMARCA | C40: 55190017 | D40: 8832853 | E40: 3125065158 | F40: 3125065158 | G40: CL 3 2 13 | H40: 4.5286479 | I40: -73.9219420 | J40: CUNDINAMARCA | K40: CHOACHÍ | L40: CHOACHÍ | M40: 25181 | N40: 2025-10-16 | O40: =VLOOKUP(A40,Hoja1!A:C,3,0) -> 8 | P40: =VLOOKUP(M40,[1]TIPOLOGIAS_CB!$A:$F,4,0) -> BOGOTA | Q40: =VLOOKUP(P40,'BASE TARIFA 2025'!C:D,2,0) -> WOMPI CENTRO | R40: =VLOOKUP(P40,'BASE TARIFA 2025'!C:F,4,0) -> 15709.5
A41: 32606 | B41: BARRIO CHOACHI CHOACHI | C41: 20485157 | D41: 8250517 | E41: 3204136973 | F41: 3208587570 | G41: CR 2 5-49 | H41: 4.530535 | I41: -73.922077 | J41: CUNDINAMARCA | K41: CHOACHÍ | L41: CHOACHÍ | M41: 25181 | N41: 2025-10-16 | O41: =VLOOKUP(A41,Hoja1!A:C,3,0) -> 8 | P41: =VLOOKUP(M41,[1]TIPOLOGIAS_CB!$A:$F,4,0) -> BOGOTA | Q41: =VLOOKUP(P41,'BASE TARIFA 2025'!C:D,2,0) -> WOMPI CENTRO | R41: =VLOOKUP(P41,'BASE TARIFA 2025'!C:F,4,0) -> 15709.5
A42: 35976 | B42: BARRIO CENTRO CHOACHI 1 | C42: 52087264 | D42: 8486773 | E42: 3144696352 | F42: 3144696352 | G42: CL 5 3-19 | H42: 4.530023 | I42: -73.922977 | J42: CUNDINAMARCA | K42: CHOACHÍ | L42: CHOACHÍ | M42: 25181 | N42: 2025-10-16 | O42: =VLOOKUP(A42,Hoja1!A:C,3,0) -> 16 | P42: =VLOOKUP(M42,[1]TIPOLOGIAS_CB!$A:$F,4,0) -> BOGOTA | Q42: =VLOOKUP(P42,'BASE TARIFA 2025'!C:D,2,0) -> WOMPI CENTRO | R42: =VLOOKUP(P42,'BASE TARIFA 2025'!C:F,4,0) -> 15709.5
A43: 58402 | B43: BARRIO SECTOR EL REFUGIO CHOACHI | C43: 52101634 | D43: 0 | E43: 3143594231 | F43: 3143594231 | G43: CR 3 4 22 | H43: 4.5294984 | I43: -73.9228171 | J43: CUNDINAMARCA | K43: CHOACHÍ | L43: CHOACHÍ | M43: 25181 | N43: 2025-10-17 | O43: =VLOOKUP(A43,Hoja1!A:C,3,0) -> 8 | P43: =VLOOKUP(M43,[1]TIPOLOGIAS_CB!$A:$F,4,0) -> BOGOTA | Q43: =VLOOKUP(P43,'BASE TARIFA 2025'!C:D,2,0) -> WOMPI CENTRO | R43: =VLOOKUP(P43,'BASE TARIFA 2025'!C:F,4,0) -> 15709.5
A44: 30746 | B44: BARRIO CALLE PRINCIPAL 2 | C44: 98536492 | D44: 8686531 | E44: 3146840419 | F44: 3146840419 | G44: CR 50 45 A 28 | H44: 6.4599945 | I44: -75.5574593 | J44: ANTIOQUIA | K44: SAN PEDRO DE LOS MILAGROS | L44: SAN PEDRO DE LOS MILAGROS | M44: 5664 | N44: 2025-10-02 | O44: =VLOOKUP(A44,Hoja1!A:C,3,0) -> 16 | P44: =VLOOKUP(M44,[1]TIPOLOGIAS_CB!$A:$F,4,0) -> MEDELLIN | Q44: =VLOOKUP(P44,'BASE TARIFA 2025'!C:D,2,0) -> WOMPI NOROCCIDENTE | R44: =VLOOKUP(P44,'BASE TARIFA 2025'!C:F,4,0) -> 15709.5
... A53: 79296 | B53: BARRIO SECTOR PARQUE PRINCIPAL SAN PEDRO DE LOS MILAGROS | C53: 1040321647 | D53: 3173596979 | E53: 3173596979 | F53: 3173596979 | G53: CR 50 48 25,SECTOR PARQUE PRINCIPAL | H53: 6.4616246 | I53: -75.5564356 | J53: ANTIOQUIA | K53: SAN PEDRO DE LOS MILAGROS | L53: SAN PEDRO DE LOS MILAGROS | M53: 5664 | N53: 2025-10-07 | O53: =VLOOKUP(A53,Hoja1!A:C,3,0) -> 8 | P53: =VLOOKUP(M53,[1]TIPOLOGIAS_CB!$A:$F,4,0) -> MEDELLIN | Q53: =VLOOKUP(P53,'BASE TARIFA 2025'!C:D,2,0) -> WOMPI NOROCCIDENTE | R53: =VLOOKUP(P53,'BASE TARIFA 2025'!C:F,4,0) -> 15709.5
A54: 40287 | B54: BARRIO PARQUE SAN PEDRO DE LOS MILAGROS 2 | C54: 900789077 | E54: 3137339977 | F54: 3137339977 | G54: CR 50 47 51 | H54: 6.4612930 | I54: -75.5567560 | J54: ANTIOQUIA | K54: SAN PEDRO DE LOS MILAGROS | L54: SAN PEDRO DE LOS MILAGROS | M54: 5664 | N54: 2025-10-03 | O54: =VLOOKUP(A54,Hoja1!A:C,3,0) -> 16 | P54: =VLOOKUP(M54,[1]TIPOLOGIAS_CB!$A:$F,4,0) -> MEDELLIN | Q54: =VLOOKUP(P54,'BASE TARIFA 2025'!C:D,2,0) -> WOMPI NOROCCIDENTE | R54: =VLOOKUP(P54,'BASE TARIFA 2025'!C:F,4,0) -> 15709.5
A55: 33434 | B55: BARRIO PARQUE SAN PEDRO DE LOS MILAGROS 1 | C55: 43365635 | D55: 8687111 | E55: 3122667156 | F55: 3122667156 | G55: CR 49 A 49 54 LC 110 | H55: 6.46197027 | I55: -75.5556988 | J55: ANTIOQUIA | K55: SAN PEDRO DE LOS MILAGROS | L55: SAN PEDRO DE LOS MILAGROS | M55: 5664 | N55: 2025-10-03 | O55: =VLOOKUP(A55,Hoja1!A:C,3,0) -> 16 | P55: =VLOOKUP(M55,[1]TIPOLOGIAS_CB!$A:$F,4,0) -> MEDELLIN | Q55: =VLOOKUP(P55,'BASE TARIFA 2025'!C:D,2,0) -> WOMPI NOROCCIDENTE | R55: =VLOOKUP(P55,'BASE TARIFA 2025'!C:F,4,0) -> 15709.5
A56: 50444 | B56: BARRIO LA PLANTA SAN PEDRO DE LOS MILAGROS | C56: 43362509 | D56: 0 | E56: 3196522264 | F56: 3196522264 | G56: CR 49 44 19,LA PLANTA | H56: 6.4571899 | I56: -75.5569328 | J56: ANTIOQUIA | K56: SAN PEDRO DE LOS MILAGROS | L56: SAN PEDRO DE LOS MILAGROS | M56: 5664 | N56: 2025-10-03 | O56: =VLOOKUP(A56,Hoja1!A:C,3,0) -> 16 | P56: =VLOOKUP(M56,[1]TIPOLOGIAS_CB!$A:$F,4,0) -> MEDELLIN | Q56: =VLOOKUP(P56,'BASE TARIFA 2025'!C:D,2,0) -> WOMPI NOROCCIDENTE | R56: =VLOOKUP(P56,'BASE TARIFA 2025'!C:F,4,0) -> 15709.5
A57: 50674 | B57: BARRIO CALLE PRINCIPAL SAN PEDRO DE LOS MILAGROS 1 | C57: 1128452757 | D57: 3136947111 | E57: 3196084851 | F57: 3196084851 | G57: CR 50 41 270,CALLE PRINCIPAL | H57: 6.4548516 | I57: -75.5588757 | J57: ANTIOQUIA | K57: SAN PEDRO DE LOS MILAGROS | L57: SAN PEDRO DE LOS MILAGROS | M57: 5664 | N57: 2025-10-03 | O57: =VLOOKUP(A57,Hoja1!A:C,3,0) -> 8 | P57: =VLOOKUP(M57,[1]TIPOLOGIAS_CB!$A:$F,4,0) -> MEDELLIN | Q57: =VLOOKUP(P57,'BASE TARIFA 2025'!C:D,2,0) -> WOMPI NOROCCIDENTE | R57: =VLOOKUP(P57,'BASE TARIFA 2025'!C:F,4,0) -> 15709.5
A58: 55331 | B58: BARRIO SAN PEDRO DE LOS MILAGROS SAN PEDRO DE LOS MILAGROS | C58: 1040323335 | D58: 3197441250 | E58: 3197441250 | F58: 3197441250 | G58: CL 50 49 B 26,SAN PEDRO DE LOS MILAGROS | H58: 6.4621598 | I58: -75.5559229 | J58: ANTIOQUIA | K58: SAN PEDRO DE LOS MILAGROS | L58: SAN PEDRO DE LOS MILAGROS | M58: 5664 | N58: 2025-10-06 | O58: =VLOOKUP(A58,Hoja1!A:C,3,0) -> 16 | P58: =VLOOKUP(M58,[1]TIPOLOGIAS_CB!$A:$F,4,0) -> MEDELLIN | Q58: =VLOOKUP(P58,'BASE TARIFA 2025'!C:D,2,0) -> WOMPI NOROCCIDENTE | R58: =VLOOKUP(P58,'BASE TARIFA 2025'!C:F,4,0) -> 15709.5
A59: 53011 | B59: BARRIO CENTRO SAN PEDRO DE LOS MILAGROS | C59: 1040324295 | D59: 0 | E59: 3217071377 | F59: 3217071377 | G59: CALLE 44A 52A 79, | H59: 6.4581767 | I59: -75.5613767 | J59: ANTIOQUIA | K59: SAN PEDRO DE LOS MILAGROS | L59: SAN PEDRO DE LOS MILAGROS | M59: 5664 | N59: 2025-10-06 | O59: =VLOOKUP(A59,Hoja1!A:C,3,0) -> 8 | P59: =VLOOKUP(M59,[1]TIPOLOGIAS_CB!$A:$F,4,0) -> MEDELLIN | Q59: =VLOOKUP(P59,'BASE TARIFA 2025'!C:D,2,0) -> WOMPI NOROCCIDENTE | R59: =VLOOKUP(P59,'BASE TARIFA 2025'!C:F,4,0) -> 15709.5
A60: 34542 | B60: BARRIO PARQUE PRINCIPAL SAN RAFAEL 1 | C60: 71001161 | D60: 8586100 | E60: 3148862726 | F60: 3205642864 | G60: CL 21 CR 20 38 | H60: 6.2956753 | I60: -75.0282471 | J60: ANTIOQUIA | K60: SAN RAFAEL | L60: SAN RAFAEL | M60: 5667 | N60: 2025-10-10 | O60: =VLOOKUP(A60,Hoja1!A:C,3,0) -> 16 | P60: =VLOOKUP(M60,[1]TIPOLOGIAS_CB!$A:$F,4,0) -> MEDELLIN | Q60: =VLOOKUP(P60,'BASE TARIFA 2025'!C:D,2,0) -> WOMPI NOROCCIDENTE | R60: =VLOOKUP(P60,'BASE TARIFA 2025'!C:F,4,0) -> 15709.5
A61: 34938 | B61: BARRIO PARQUE PRINCIPAL SAN RAFAEL 2 | C61: 70907991 | D61: 8587379 | E61: 3218369594 | F61: 3218369594 | G61: CR 20 19 06 | H61: 6.294722 | I61: -75.0277777 | J61: ANTIOQUIA | K61: SAN RAFAEL | L61: SAN RAFAEL | M61: 5667 | N61: 2025-10-10 | O61: =VLOOKUP(A61,Hoja1!A:C,3,0) -> 8 | P61: =VLOOKUP(M61,[1]TIPOLOGIAS_CB!$A:$F,4,0) -> MEDELLIN | Q61: =VLOOKUP(P61,'BASE TARIFA 2025'!C:D,2,0) -> WOMPI NOROCCIDENTE | R61: =VLOOKUP(P61,'BASE TARIFA 2025'!C:F,4,0) -> 15709.5
A62: 55333 | B62: BARRIO SAN RAFAEL SAN RAFAEL 1 | C62: 1037070885 | D62: 3218482399 | E62: 3218482399 | F62: 3136084393 | G62: CR 22 21 17,SAN RAFAEL | H62: 6.294639 | I62: -75.028472 | J62: ANTIOQUIA | K62: SAN RAFAEL | L62: SAN RAFAEL | M62: 5667 | N62: 2025-10-10 | O62: =VLOOKUP(A62,Hoja1!A:C,3,0) -> 8 | P62: =VLOOKUP(M62,[1]TIPOLOGIAS_CB!$A:$F,4,0) -> MEDELLIN | Q62: =VLOOKUP(P62,'BASE TARIFA 2025'!C:D,2,0) -> WOMPI NOROCCIDENTE | R62: =VLOOKUP(P62,'BASE TARIFA 2025'!C:F,4,0) -> 15709.5
A63: 54233 | B63: BARRIO SAN RAFAEL SAN RAFAEL | C63: 43987455 | D63: 8586269 | E63: 3105238583 | F63: 3218938310 | G63: CL 21 21 41,SAN RAFAEL | H63: 6.29566222 | I63: -75.02871750 | J63: ANTIOQUIA | K63: SAN RAFAEL | L63: SAN RAFAEL | M63: 5667 | N63: 2025-10-10 | O63: =VLOOKUP(A63,Hoja1!A:C,3,0) -> 8 | P63: =VLOOKUP(M63,[1]TIPOLOGIAS_CB!$A:$F,4,0) -> MEDELLIN | Q63: =VLOOKUP(P63,'BASE TARIFA 2025'!C:D,2,0) -> WOMPI NOROCCIDENTE | R63: =VLOOKUP(P63,'BASE TARIFA 2025'!C:F,4,0) -> 15709.5
A64: 25991 | B64: LOS OLIVOS VILLA DE LEYVA - BOYACA | C64: 7128514 | D64: 7320359 | E64: 3114661699 | F64: 3213430209 | G64: CR 9 8 45 | H64: 5.6308444 | I64: -73.52608336 | J64: BOYACÁ | K64: VILLA DE LEYVA | L64: VILLA DE LEYVA | M64: 15407 | N64: 2025-10-02 | O64: =VLOOKUP(A64,Hoja1!A:C,3,0) -> 16 | P64: =VLOOKUP(M64,[1]TIPOLOGIAS_CB!$A:$F,4,0) -> TUNJA | Q64: =VLOOKUP(P64,'BASE TARIFA 2025'!C:D,2,0) -> WOMPI SANTANDERES | R64: =VLOOKUP(P64,'BASE TARIFA 2025'!C:F,4,0) -> 28277.1
A65: 10157 | B65: VILLA DE LEYVA - BOYACA | C65: 7127339 | D65: 7320840 | E65: 3102135899 | F65: 3102135899 | G65: CL 14 9-21 | H65: 5.6346892 | I65: -73.52216743 | J65: BOYACÁ | K65: VILLA DE LEYVA | L65: VILLA DE LEYVA | M65: 15407 | N65: 2025-10-02 | O65: =VLOOKUP(A65,Hoja1!A:C,3,0) -> 8 | P65: =VLOOKUP(M65,[1]TIPOLOGIAS_CB!$A:$F,4,0) -> TUNJA | Q65: =VLOOKUP(P65,'BASE TARIFA 2025'!C:D,2,0) -> WOMPI SANTANDERES | R65: =VLOOKUP(P65,'BASE TARIFA 2025'!C:F,4,0) -> 28277.1
A66: 29240 | B66: BARRIO VIA CIRCUMBALAR VILLA DE LEYVA | C66: 4041569 | D66: 6437050 | E66: 3202228723 | F66: 3173585682 | G66: CR 13 12 60 | H66: 5.63675981 | I66: -73.52622452 | J66: BOYACÁ | K66: VILLA DE LEYVA | L66: VILLA DE LEYVA | M66: 15407 | N66: 2025-10-23 | O66: =VLOOKUP(A66,Hoja1!A:C,3,0) -> 8 | P66: =VLOOKUP(M66,[1]TIPOLOGIAS_CB!$A:$F,4,0) -> TUNJA | Q66: =VLOOKUP(P66,'BASE TARIFA 2025'!C:D,2,0) -> WOMPI SANTANDERES | R66: =VLOOKUP(P66,'BASE TARIFA 2025'!C:F,4,0) -> 28277.1
A67: 76923 | B67: BARRIO CENTRO VILLA DE LEYVA 8 | C67: 7128506 | D67: 3204306363 | E67: 3118144262 | F67: 3118144262 | G67: CR 9 11 04,CENTRO | H67: 5.63245673 | I67: -73.52436215 | J67: BOYACÁ | K67: VILLA DE LEYVA | L67: VILLA DE LEYVA | M67: 15407 | N67: 2025-10-06 | O67: =VLOOKUP(A67,Hoja1!A:C,3,0) -> 8 | P67: =VLOOKUP(M67,[1]TIPOLOGIAS_CB!$A:$F,4,0) -> TUNJA | Q67: =VLOOKUP(P67,'BASE TARIFA 2025'!C:D,2,0) -> WOMPI SANTANDERES | R67: =VLOOKUP(P67,'BASE TARIFA 2025'!C:F,4,0) -> 28277.1
A68: 80759 | B68: BARRIO VEREDA EL ROBLE VILLA DE LEYVA | C68: 23690139 | D68: 3185601502 | E68: 3185601502 | G68: VRD EL ROBLE, FRENTE A BOMBEROS,VEREDA EL ROBLE | H68: 5.6471502 | I68: -73.5168976 | J68: BOYACÁ | K68: VILLA DE LEYVA | L68: VILLA DE LEYVA | M68: 15407 | N68: 2025-10-28 | O68: =VLOOKUP(A68,Hoja1!A:C,3,0) -> 8 | P68: =VLOOKUP(M68,[1]TIPOLOGIAS_CB!$A:$F,4,0) -> TUNJA | Q68: =VLOOKUP(P68,'BASE TARIFA 2025'!C:D,2,0) -> WOMPI SANTANDERES | R68: =VLOOKUP(P68,'BASE TARIFA 2025'!C:F,4,0) -> 28277.1
A69: 80978 | B69: BARRIO SANTA ANA VILLA DE LEYVA | C69: 1054092286 | D69: 3007574292 | E69: 3007574292 | G69: CR 13 12 05,SANTA ANA | H69: 5.6364767 | I69: -73.5269390 | J69: BOYACÁ | K69: VILLA DE LEYVA | L69: VILLA DE LEYVA | M69: 15407 | N69: 2025-10-23 | O69: =VLOOKUP(A69,Hoja1!A:C,3,0) -> 8 | P69: =VLOOKUP(M69,[1]TIPOLOGIAS_CB!$A:$F,4,0) -> TUNJA | Q69: =VLOOKUP(P69,'BASE TARIFA 2025'!C:D,2,0) -> WOMPI SANTANDERES | R69: =VLOOKUP(P69,'BASE TARIFA 2025'!C:F,4,0) -> 28277.1
A70: 64892 | B70: BARRIO LA PLAMA VILLA DE LEYVA | C70: 1053616068 | D70: 3117300207 | E70: 3173845038 | F70: 3117300207 | G70: CR 12 5 31,LA PALMA | H70: 5.63212558 | I70: -73.53020214 | J70: BOYACÁ | K70: VILLA DE LEYVA | L70: VILLA DE LEYVA | M70: 15407 | N70: 2025-10-03 | O70: =VLOOKUP(A70,Hoja1!A:C,3,0) -> 8 | P70: =VLOOKUP(M70,[1]TIPOLOGIAS_CB!$A:$F,4,0) -> TUNJA | Q70: =VLOOKUP(P70,'BASE TARIFA 2025'!C:D,2,0) -> WOMPI SANTANDERES | R70: =VLOOKUP(P70,'BASE TARIFA 2025'!C:F,4,0) -> 28277.1
A71: 67477 | B71: BARRIO CENTRO VILLA DE LEYVA 7 | C71: 24134667 | D71: 3134184642 | E71: 3134184642 | F71: 3134184642 | G71: CR 8 A 11 81,CENTRO | H71: 5.632568 | I71: -73.523415 | J71: BOYACÁ | K71: VILLA DE LEYVA | L71: VILLA DE LEYVA | M71: 15407 | N71: 2025-10-03 | O71: =VLOOKUP(A71,Hoja1!A:C,3,0) -> 8 | P71: =VLOOKUP(M71,[1]TIPOLOGIAS_CB!$A:$F,4,0) -> TUNJA | Q71: =VLOOKUP(P71,'BASE TARIFA 2025'!C:D,2,0) -> WOMPI SANTANDERES | R71: =VLOOKUP(P71,'BASE TARIFA 2025'!C:F,4,0) -> 28277.1
A72: 75255 | B72: BARRIO CENTRO CHOACHI 5 | C72: 20485682 | D72: 3136416409 | E72: 3136416409 | F72: 3202616364 | G72: CR 2 3 -29 | H72: 4.5288737 | I72: -73.9220291 | J72: CUNDINAMARCA | K72: CHOACHÍ | L72: CHOACHÍ | M72: 25181 | N72: 2025-10-15 | O72: =VLOOKUP(A72,Hoja1!A:C,3,0) -> 8 | P72: =VLOOKUP(M72,[1]TIPOLOGIAS_CB!$A:$F,4,0) -> BOGOTA | Q72: =VLOOKUP(P72,'BASE TARIFA 2025'!C:D,2,0) -> WOMPI CENTRO | R72: =VLOOKUP(P72,'BASE TARIFA 2025'!C:F,4,0) -> 15709.5
A73: 74749 | B73: BARRIO CENTRO CHOACHI 4 | C73: 1018451571 | D73: 3112555648 | E73: 3108564678 | F73: 3108564678 | G73: CR 3 1 65 | H73: 4.5276577 | I73: -73.922892 | J73: CUNDINAMARCA | K73: CHOACHÍ | L73: CHOACHÍ | M73: 25181 | N73: 2025-10-17 | O73: =VLOOKUP(A73,Hoja1!A:C,3,0) -> 8 | P73: =VLOOKUP(M73,[1]TIPOLOGIAS_CB!$A:$F,4,0) -> BOGOTA | Q73: =VLOOKUP(P73,'BASE TARIFA 2025'!C:D,2,0) -> WOMPI CENTRO | R73: =VLOOKUP(P73,'BASE TARIFA 2025'!C:F,4,0) -> 15709.5
A74: 61511 | B74: BARRIO LA GRANJA COGUA 1 | C74: 1075654605 | D74: 3143147244 | E74: 3123331374 | F74: 3143147244 | G74: CL 4 9 56 | H74: 5.0656593 | I74: -73.9791041 | J74: CUNDINAMARCA | K74: COGUA | L74: COGUA | M74: 25200 | N74: 2025-10-20 | O74: =VLOOKUP(A74,Hoja1!A:C,3,0) -> 8 | P74: =VLOOKUP(M74,[1]TIPOLOGIAS_CB!$A:$F,4,0) -> BOGOTA | Q74: =VLOOKUP(P74,'BASE TARIFA 2025'!C:D,2,0) -> WOMPI CENTRO | R74: =VLOOKUP(P74,'BASE TARIFA 2025'!C:F,4,0) -> 15709.5
A75: 68731 | B75: LA GRANJA 2 | C75: 1070305153 | D75: 3232526559 | E75: 0 | F75: 3125956435 | G75: CALLE 7 8 33 ,LA GRANJA | H75: 5.0645338 | I75: -73.9778481 | J75: CUNDINAMARCA | K75: COGUA | L75: COGUA | M75: 25200 | N75: 2025-10-14 | O75: =VLOOKUP(A75,Hoja1!A:C,3,0) -> 8 | P75: =VLOOKUP(M75,[1]TIPOLOGIAS_CB!$A:$F,4,0) -> BOGOTA | Q75: =VLOOKUP(P75,'BASE TARIFA 2025'!C:D,2,0) -> WOMPI CENTRO | R75: =VLOOKUP(P75,'BASE TARIFA 2025'!C:F,4,0) -> 15709.5
A76: 68808 | B76: BARRIO CENTRO COGUA 6 | C76: 20450886 | D76: 3108070930 | E76: 3123871838 | F76: 3123871838 | G76: CL 4 6 11,CENTRO | H76: 5.0619883 | I76: -73.9794660 | J76: CUNDINAMARCA | K76: COGUA | L76: COGUA | M76: 25200 | N76: 2025-10-20 | O76: =VLOOKUP(A76,Hoja1!A:C,3,0) -> 8 | P76: =VLOOKUP(M76,[1]TIPOLOGIAS_CB!$A:$F,4,0) -> BOGOTA | Q76: =VLOOKUP(P76,'BASE TARIFA 2025'!C:D,2,0) -> WOMPI CENTRO | R76: =VLOOKUP(P76,'BASE TARIFA 2025'!C:F,4,0) -> 15709.5
A77: 73753 | B77: BARRIO CENTRO COGUA 7 | C77: 1101384347 | D77: 3207992238 | E77: 3013891122 | F77: 3207992238 | G77: CL 3 4 56,CENTRO | H77: 5.0606900 | I77: -73.9793403 | J77: CUNDINAMARCA | K77: COGUA | L77: COGUA | M77: 25200 | N77: 2025-10-20 | O77: =VLOOKUP(A77,Hoja1!A:C,3,0) -> 8 | P77: =VLOOKUP(M77,[1]TIPOLOGIAS_CB!$A:$F,4,0) -> BOGOTA | Q77: =VLOOKUP(P77,'BASE TARIFA 2025'!C:D,2,0) -> WOMPI CENTRO | R77: =VLOOKUP(P77,'BASE TARIFA 2025'!C:F,4,0) -> 15709.5
A78: 80038 | B78: BARRIO CENTRO PASTO 39 | C78: 98394849 | D78: 3168769195 | E78: 3173657343 | F78: 3173657343 | G78: CR 25 21 72 CENTRO- CENTRO,CENTRO | H78: 1.2162139 | I78: -77.2758335 | J78: NARIÑO | K78: PASTO | L78: SAN JUAN DE PASTO | M78: 52001 | N78: 2025-10-28 | O78: =VLOOKUP(A78,Hoja1!A:C,3,0) -> 8 | P78: =VLOOKUP(M78,[1]TIPOLOGIAS_CB!$A:$F,4,0) -> PASTO | Q78: =VLOOKUP(P78,'BASE TARIFA 2025'!C:D,2,0) -> WOMPI SUROCCIDENTE | R78: =VLOOKUP(P78,'BASE TARIFA 2025'!C:F,4,0) -> 28277.1
A79: 71186 | B79: BARRIO VEREDA SABANA ALTA VILLA DE LEYVA | C79: 1054096353 | D79: 3214600833 | E79: 3214600833 | F79: 3214600833 | G79: SEC ANTIGUO MATEDERO BUGAMBILES | H79: 5.68700062 | I79: -73.50259055 | J79: BOYACÁ | K79: VILLA DE LEYVA | L79: VILLA DE LEYVA | M79: 15407 | N79: 2025-10-06 | O79: =VLOOKUP(A79,Hoja1!A:C,3,0) -> 8 | P79: =VLOOKUP(M79,[1]TIPOLOGIAS_CB!$A:$F,4,0) -> TUNJA | Q79: =VLOOKUP(P79,'BASE TARIFA 2025'!C:D,2,0) -> WOMPI SANTANDERES | R79: =VLOOKUP(P79,'BASE TARIFA 2025'!C:F,4,0) -> 28277.1
A80: 67734 | B80: BARRIO SENDEROS DE LA VILLA VILLA DE LEYVA | C80: 1014221961 | D80: 3178564392 | E80: 3178564392 | F80: 3178564392 | G80: CR 14 12 38,SENDEROS DE LA VILLA | H80: 5.6373219 | I80: -73.5270158 | J80: BOYACÁ | K80: VILLA DE LEYVA | L80: VILLA DE LEYVA | M80: 15407 | N80: 2025-10-06 | O80: =VLOOKUP(A80,Hoja1!A:C,3,0) -> 8 | P80: =VLOOKUP(M80,[1]TIPOLOGIAS_CB!$A:$F,4,0) -> TUNJA | Q80: =VLOOKUP(P80,'BASE TARIFA 2025'!C:D,2,0) -> WOMPI SANTANDERES | R80: =VLOOKUP(P80,'BASE TARIFA 2025'!C:F,4,0) -> 28277.1
A81: 28981 | B81: BARRIO CENTRO 3 VILLA DE LEYVA | C81: 7127607 | D81: 7320148 | E81: 3112945406 | F81: 3112945406 | G81: CR 9 10 58 | H81: 5.63233251 | I81: -73.52468458 | J81: BOYACÁ | K81: VILLA DE LEYVA | L81: VILLA DE LEYVA | M81: 15407 | N81: 2025-10-02 | O81: =VLOOKUP(A81,Hoja1!A:C,3,0) -> 8 | P81: =VLOOKUP(M81,[1]TIPOLOGIAS_CB!$A:$F,4,0) -> TUNJA | Q81: =VLOOKUP(P81,'BASE TARIFA 2025'!C:D,2,0) -> WOMPI SANTANDERES | R81: =VLOOKUP(P81,'BASE TARIFA 2025'!C:F,4,0) -> 28277.1
... A95: 29396 | B95: BARRIO EL LIBERTADOR RAMIRIQUÍ | C95: 1057463909 | D95: 7852162 | E95: 3102318423 | F95: 3102318423 | G95: CL 7 4 13 | H95: 5.39983573 | I95: -73.33512962 | J95: BOYACÁ | K95: RAMIRIQUÍ | L95: RAMIRIQUÍ | M95: 15599 | N95: 2025-10-20 | O95: =VLOOKUP(A95,Hoja1!A:C,3,0) -> 8 | P95: =VLOOKUP(M95,[1]TIPOLOGIAS_CB!$A:$F,4,0) -> TUNJA | Q95: =VLOOKUP(P95,'BASE TARIFA 2025'!C:D,2,0) -> WOMPI SANTANDERES | R95: =VLOOKUP(P95,'BASE TARIFA 2025'!C:F,4,0) -> 28277.1
A96: 36455 | B96: BARRIO PURA C RAMIRIQUI | C96: 23965282 | E96: 3183773956 | F96: 3105859502 | G96: CL 7 6 18 | H96: 5.401 | I96: -73.365 | J96: BOYACÁ | K96: RAMIRIQUÍ | L96: RAMIRIQUÍ | M96: 15599 | N96: 2025-10-20 | O96: =VLOOKUP(A96,Hoja1!A:C,3,0) -> 16 | P96: =VLOOKUP(M96,[1]TIPOLOGIAS_CB!$A:$F,4,0) -> TUNJA | Q96: =VLOOKUP(P96,'BASE TARIFA 2025'!C:D,2,0) -> WOMPI SANTANDERES | R96: =VLOOKUP(P96,'BASE TARIFA 2025'!C:F,4,0) -> 28277.1
A97: 61952 | B97: BARRIO EL CARMEN RAMIRIQUI 1 | C97: 1057462668 | D97: 3212141240 | E97: 3144741779 | F97: 3212141240 | G97: CR 5 6 25 | H97: 5.399 | I97: -73.335 | J97: BOYACÁ | K97: RAMIRIQUÍ | L97: RAMIRIQUÍ | M97: 15599 | N97: 2025-10-20 | O97: =VLOOKUP(A97,Hoja1!A:C,3,0) -> 8 | P97: =VLOOKUP(M97,[1]TIPOLOGIAS_CB!$A:$F,4,0) -> TUNJA | Q97: =VLOOKUP(P97,'BASE TARIFA 2025'!C:D,2,0) -> WOMPI SANTANDERES | R97: =VLOOKUP(P97,'BASE TARIFA 2025'!C:F,4,0) -> 28277.1
A98: 74575 | B98: BARRIO CENTRO RAMIRÍQUI | C98: 72326177 | D98: 3114995209 | E98: 3114995209 | F98: 3114995209 | G98: CR 5 4 40,CENTRO | H98: 5.399 | I98: -73.336 | J98: BOYACÁ | K98: RAMIRIQUÍ | L98: RAMIRIQUÍ | M98: 15599 | N98: 2025-10-20 | O98: =VLOOKUP(A98,Hoja1!A:C,3,0) -> 8 | P98: =VLOOKUP(M98,[1]TIPOLOGIAS_CB!$A:$F,4,0) -> TUNJA | Q98: =VLOOKUP(P98,'BASE TARIFA 2025'!C:D,2,0) -> WOMPI SANTANDERES | R98: =VLOOKUP(P98,'BASE TARIFA 2025'!C:F,4,0) -> 28277.1
A99: 77500 | B99: BARRIO LA PRIMAVERA VILLA RICA | C99: 10740720 | D99: 0 | E99: 3117604484 | F99: 3117604484 | G99: VRD LA PRIMAVERA,LA PRIMAVERA | H99: 3.195946 | I99: -76.442246 | J99: CAUCA | K99: VILLA RICA | L99: VILLA RICA | M99: 19845 | N99: 2025-10-16 | O99: =VLOOKUP(A99,Hoja1!A:C,3,0) -> 8 | P99: =VLOOKUP(M99,[1]TIPOLOGIAS_CB!$A:$F,4,0) -> CALI | Q99: =VLOOKUP(P99,'BASE TARIFA 2025'!C:D,2,0) -> WOMPI SUROCCIDENTE | R99: =VLOOKUP(P99,'BASE TARIFA 2025'!C:F,4,0) -> 15709.5
A100: 77824 | B100: BARRIO CENTRO VILLA RICA 4 | C100: 1112038266 | D100: 3144505686 | E100: 3136603189 | F100: 3144505686 | G100: CR 2 CL 3 96 ,CENTRO | H100: 3.1727904 | I100: -76.4577045 | J100: CAUCA | K100: VILLA RICA | L100: VILLA RICA | M100: 19845 | N100: 2025-10-17 | O100: =VLOOKUP(A100,Hoja1!A:C,3,0) -> 8 | P100: =VLOOKUP(M100,[1]TIPOLOGIAS_CB!$A:$F,4,0) -> CALI | Q100: =VLOOKUP(P100,'BASE TARIFA 2025'!C:D,2,0) -> WOMPI SUROCCIDENTE | R100: =VLOOKUP(P100,'BASE TARIFA 2025'!C:F,4,0) -> 15709.5
A101: 77811 | B101: BARRIO CENTRO VILLA RICA 3 | C101: 16824521 | D101: 3127852137 | E101: 3127852137 | F101: 3127852137 | G101: CL 3 8 59,CENTRO | H101: 3.1749371 | I101: -76.4620610 | J101: CAUCA | K101: VILLA RICA | L101: VILLA RICA | M101: 19845 | N101: 2025-10-16 | O101: =VLOOKUP(A101,Hoja1!A:C,3,0) -> 8 | P101: =VLOOKUP(M101,[1]TIPOLOGIAS_CB!$A:$F,4,0) -> CALI | Q101: =VLOOKUP(P101,'BASE TARIFA 2025'!C:D,2,0) -> WOMPI SUROCCIDENTE | R101: =VLOOKUP(P101,'BASE TARIFA 2025'!C:F,4,0) -> 15709.5
A102: 73543 | B102: BARRIO SAN FERNANDO VILLA RICA | C102: 38461208 | D102: 3173061999 | E102: 3173061999 | F102: 3173061999 | G102: CR 1 B # 6B- 59,SAN FERNANDO | H102: 3.1776245 | I102: -76.4542714 | J102: CAUCA | K102: VILLA RICA | L102: VILLA RICA | M102: 19845 | N102: 2025-10-16 | O102: =VLOOKUP(A102,Hoja1!A:C,3,0) -> 8 | P102: =VLOOKUP(M102,[1]TIPOLOGIAS_CB!$A:$F,4,0) -> CALI | Q102: =VLOOKUP(P102,'BASE TARIFA 2025'!C:D,2,0) -> WOMPI SUROCCIDENTE | R102: =VLOOKUP(P102,'BASE TARIFA 2025'!C:F,4,0) -> 15709.5
A103: 67424 | B103: BARRIO PRIMAVERA VILLA RICA | C103: 1006011797 | D103: 0 | E103: 3147017944 | F103: 3147017944 | G103: VRD LA PRIMAVERA MZA 07 CA 40 P 1 | H103: 3.199208 | I103: -76.439148 | J103: CAUCA | K103: VILLA RICA | L103: VILLA RICA | M103: 19845 | N103: 2025-10-16 | O103: =VLOOKUP(A103,Hoja1!A:C,3,0) -> 8 | P103: =VLOOKUP(M103,[1]TIPOLOGIAS_CB!$A:$F,4,0) -> CALI | Q103: =VLOOKUP(P103,'BASE TARIFA 2025'!C:D,2,0) -> WOMPI SUROCCIDENTE | R103: =VLOOKUP(P103,'BASE TARIFA 2025'!C:F,4,0) -> 15709.5
A104: 75835 | B104: AVENIDA POTRERILLO PASTO | C104: 98394655 | D104: 3104041826 | E104: 3116522240 | F104: 3122502020 | G104: CL 16 8 A 41 AV POTRERILLO | H104: 1.1989347 | I104: -77.2728321 | J104: NARIÑO | K104: PASTO | L104: SAN JUAN DE PASTO | M104: 52001 | N104: 2025-10-28 | O104: =VLOOKUP(A104,Hoja1!A:C,3,0) -> 8 | P104: =VLOOKUP(M104,[1]TIPOLOGIAS_CB!$A:$F,4,0) -> PASTO | Q104: =VLOOKUP(P104,'BASE TARIFA 2025'!C:D,2,0) -> WOMPI SUROCCIDENTE | R104: =VLOOKUP(P104,'BASE TARIFA 2025'!C:F,4,0) -> 28277.1
A105: 76275 | B105: BARRIO ALTOS DE CHAPALITO PASTO | C105: 1085288851 | D105: 3184249709 | E105: 3137982312 | F105: 3184249709 | G105: CL 12A 6E 209 ALTOS DE CHAPALITO 2 | H105: 1.18564 | I105: -77.273315 | J105: NARIÑO | K105: PASTO | L105: SAN JUAN DE PASTO | M105: 52001 | N105: 2025-10-27 | O105: =VLOOKUP(A105,Hoja1!A:C,3,0) -> 8 | P105: =VLOOKUP(M105,[1]TIPOLOGIAS_CB!$A:$F,4,0) -> PASTO | Q105: =VLOOKUP(P105,'BASE TARIFA 2025'!C:D,2,0) -> WOMPI SUROCCIDENTE | R105: =VLOOKUP(P105,'BASE TARIFA 2025'!C:F,4,0) -> 28277.1
A106: 63357 | B106: BARRIO ALAMEDA VILLA RICA | C106: 94060564 | D106: 0 | E106: 3137353005 | F106: 3155137425 | G106: CL 2 CON CARRERA 4 NO 3 - 71 BARRIO ALAMEDA,ALAMEDA | H106: 3.1738265 | I106: -76.4618792 | J106: CAUCA | K106: VILLA RICA | L106: VILLA RICA | M106: 19845 | N106: 2025-10-16 | O106: =VLOOKUP(A106,Hoja1!A:C,3,0) -> 8 | P106: =VLOOKUP(M106,[1]TIPOLOGIAS_CB!$A:$F,4,0) -> CALI | Q106: =VLOOKUP(P106,'BASE TARIFA 2025'!C:D,2,0) -> WOMPI SUROCCIDENTE | R106: =VLOOKUP(P106,'BASE TARIFA 2025'!C:F,4,0) -> 15709.5
A107: 58508 | B107: BARRIO CENTRO VILLA RICA 1 | C107: 1062283542 | D107: 0 | E107: 3168647705 | F107: 3168647705 | G107: CR 12 5 BIS 72,CENTRO | H107: 3.178583972 | I107: -76.462787000 | J107: CAUCA | K107: VILLA RICA | L107: VILLA RICA | M107: 19845 | N107: 2025-10-16 | O107: =VLOOKUP(A107,Hoja1!A:C,3,0) -> 8 | P107: =VLOOKUP(M107,[1]TIPOLOGIAS_CB!$A:$F,4,0) -> CALI | Q107: =VLOOKUP(P107,'BASE TARIFA 2025'!C:D,2,0) -> WOMPI SUROCCIDENTE | R107: =VLOOKUP(P107,'BASE TARIFA 2025'!C:F,4,0) -> 15709.5
A108: 10882 | B108: CURUMANI - CESAR | C108: 49653138 | D108: 5750118 | E108: 3106855920 | F108: 3106855920 | G108: CL 9 15-90 | H108: 9.2013580 | I108: -73.5425750 | J108: CESAR | K108: CURUMANÍ | L108: CURUMANÍ | M108: 20228 | N108: 2025-10-09 | O108: =VLOOKUP(A108,Hoja1!A:C,3,0) -> 16 | P108: =VLOOKUP(M108,[1]TIPOLOGIAS_CB!$A:$F,4,0) -> VALLEDUPAR | Q108: =VLOOKUP(P108,'BASE TARIFA 2025'!C:D,2,0) -> WOMPI COSTA | R108: =VLOOKUP(P108,'BASE TARIFA 2025'!C:F,4,0) -> 28277.1
A109: 35969 | B109: BARRIO PARAISO CURUMANI | C109: 36588515 | E109: 3107782489 | F109: 3104231595 | G109: CL 8 16 120 | H109: 9.2009580 | I109: -73.5441430 | J109: CESAR | K109: CURUMANÍ | L109: CURUMANÍ | M109: 20228 | N109: 2025-10-09 | O109: =VLOOKUP(A109,Hoja1!A:C,3,0) -> 8 | P109: =VLOOKUP(M109,[1]TIPOLOGIAS_CB!$A:$F,4,0) -> VALLEDUPAR | Q109: =VLOOKUP(P109,'BASE TARIFA 2025'!C:D,2,0) -> WOMPI COSTA | R109: =VLOOKUP(P109,'BASE TARIFA 2025'!C:F,4,0) -> 28277.1
A110: 40622 | B110: BARRIOCAMILO TORRES CURUMANI | C110: 1064709516 | D110: 3116693181 | E110: 3116693181 | F110: 3135361908 | G110: CR 17 CALLE 5 15 APARTAMENTO 2,CAMILO TORRES | H110: 9.19858 | I110: -73.54499 | J110: CESAR | K110: CURUMANÍ | L110: CURUMANÍ | M110: 20228 | N110: 2025-10-10 | O110: =VLOOKUP(A110,Hoja1!A:C,3,0) -> 8 | P110: =VLOOKUP(M110,[1]TIPOLOGIAS_CB!$A:$F,4,0) -> VALLEDUPAR | Q110: =VLOOKUP(P110,'BASE TARIFA 2025'!C:D,2,0) -> WOMPI COSTA | R110: =VLOOKUP(P110,'BASE TARIFA 2025'!C:F,4,0) -> 28277.1
A111: 45600 | B111: BARRIO CENTRO CURUMANI | C111: 26863948 | E111: 3208325759 | F111: 3208325759 | G111: CL 8 N 15 75 | H111: 9.2001058 | I111: -73.5420816 | J111: CESAR | K111: CURUMANÍ | L111: CURUMANÍ | M111: 20228 | N111: 2025-10-10 | O111: =VLOOKUP(A111,Hoja1!A:C,3,0) -> 8 | P111: =VLOOKUP(M111,[1]TIPOLOGIAS_CB!$A:$F,4,0) -> VALLEDUPAR | Q111: =VLOOKUP(P111,'BASE TARIFA 2025'!C:D,2,0) -> WOMPI COSTA | R111: =VLOOKUP(P111,'BASE TARIFA 2025'!C:F,4,0) -> 28277.1
A112: 53172 | B112: BARRIO EL CENTRO CURUMANI | C112: 72005505 | D112: 0 | E112: 3155272814 | F112: 3155272814 | G112: CR 15 # 10-47 BRR EL PARAISO | H112: 9.2025720 | I112: -73.5413064 | J112: CESAR | K112: CURUMANÍ | L112: CURUMANÍ | M112: 20228 | N112: 2025-10-31 | O112: =VLOOKUP(A112,Hoja1!A:C,3,0) -> 8 | P112: =VLOOKUP(M112,[1]TIPOLOGIAS_CB!$A:$F,4,0) -> VALLEDUPAR | Q112: =VLOOKUP(P112,'BASE TARIFA 2025'!C:D,2,0) -> WOMPI COSTA | R112: =VLOOKUP(P112,'BASE TARIFA 2025'!C:F,4,0) -> 28277.1
A113: 58658 | B113: BARRIO SAN JOSE CURUMANI | C113: 1065625334 | D113: 3178256368 | E113: 3045404943 | F113: 3178256368 | G113: DG 2 18 24,SAN JOSE | H113: 9.2007782 | I113: -73.5461903 | J113: CESAR | K113: CURUMANÍ | L113: CURUMANÍ | M113: 20228 | N113: 2025-10-09 | O113: =VLOOKUP(A113,Hoja1!A:C,3,0) -> 8 | P113: =VLOOKUP(M113,[1]TIPOLOGIAS_CB!$A:$F,4,0) -> VALLEDUPAR | Q113: =VLOOKUP(P113,'BASE TARIFA 2025'!C:D,2,0) -> WOMPI COSTA | R113: =VLOOKUP(P113,'BASE TARIFA 2025'!C:F,4,0) -> 28277.1
A114: 71005 | B114: BARRIO CENTRO CURUMANI 5 | C114: 1064714236 | D114: 3126596419 | E114: 3126596419 | F114: 3126596419 | G114: CL 9 A 14 37 LOCAL 3,CENTRO | H114: 9.2011880 | I114: -73.5415760 | J114: CESAR | K114: CURUMANÍ | L114: CURUMANÍ | M114: 20228 | N114: 2025-10-09 | O114: =VLOOKUP(A114,Hoja1!A:C,3,0) -> 16 | P114: =VLOOKUP(M114,[1]TIPOLOGIAS_CB!$A:$F,4,0) -> VALLEDUPAR | Q114: =VLOOKUP(P114,'BASE TARIFA 2025'!C:D,2,0) -> WOMPI COSTA | R114: =VLOOKUP(P114,'BASE TARIFA 2025'!C:F,4,0) -> 28277.1
A115: 71006 | B115: BARRIO CENTRO CURUMANI 6 | C115: 1065895902 | D115: 3214438075 | E115: 3124360271 | F115: 3214438075 | G115: CL 9 17 A 51,CENTRO | H115: 9.2027170 | I115: -73.5451580 | J115: CESAR | K115: CURUMANÍ | L115: CURUMANÍ | M115: 20228 | N115: 2025-10-31 | O115: =VLOOKUP(A115,Hoja1!A:C,3,0) -> 8 | P115: =VLOOKUP(M115,[1]TIPOLOGIAS_CB!$A:$F,4,0) -> VALLEDUPAR | Q115: =VLOOKUP(P115,'BASE TARIFA 2025'!C:D,2,0) -> WOMPI COSTA | R115: =VLOOKUP(P115,'BASE TARIFA 2025'!C:F,4,0) -> 28277.1
A116: 70156 | B116: BARRIO EL CENTRO CURUCUMANI | C116: 1064718429 | D116: 3014645391 | E116: 3014645391 | F116: 3014645391 | G116: CL 8 14 80,EL CENTRO | H116: 9.2003650 | I116: -73.5417480 | J116: CESAR | K116: CURUMANÍ | L116: CURUMANÍ | M116: 20228 | N116: 2025-10-09 | O116: =VLOOKUP(A116,Hoja1!A:C,3,0) -> 8 | P116: =VLOOKUP(M116,[1]TIPOLOGIAS_CB!$A:$F,4,0) -> VALLEDUPAR | Q116: =VLOOKUP(P116,'BASE TARIFA 2025'!C:D,2,0) -> WOMPI COSTA | R116: =VLOOKUP(P116,'BASE TARIFA 2025'!C:F,4,0) -> 28277.1
A117: 75441 | B117: BARRIO EL CENTRO CURUMANI 2 | C117: 39087794 | D117: 3006264677 | E117: 3006264677 | F117: 3006264677 | G117: CL 9 14 94 BARRIO CENTRO,EL CENTRO | H117: 9.2009383 | I117: -73.5415508 | J117: CESAR | K117: CURUMANÍ | L117: CURUMANÍ | M117: 20228 | N117: 2025-10-09 | O117: =VLOOKUP(A117,Hoja1!A:C,3,0) -> 8 | P117: =VLOOKUP(M117,[1]TIPOLOGIAS_CB!$A:$F,4,0) -> VALLEDUPAR | Q117: =VLOOKUP(P117,'BASE TARIFA 2025'!C:D,2,0) -> WOMPI COSTA | R117: =VLOOKUP(P117,'BASE TARIFA 2025'!C:F,4,0) -> 28277.1
A118: 10055 | B118: AGUA DE DIOS - CUNDINAMARCA | C118: 19499365 | D118: 8345242 | E118: 3158657546 | F118: 3158657546 | G118: CL 12 9-42 | H118: 4.3766651 | I118: -74.6688340 | J118: CUNDINAMARCA | K118: AGUA DE DIOS | L118: AGUA DE DIOS | M118: 25001 | N118: 2025-10-16 | O118: =VLOOKUP(A118,Hoja1!A:C,3,0) -> 16 | P118: =VLOOKUP(M118,[1]TIPOLOGIAS_CB!$A:$F,4,0) -> BOGOTA | Q118: =VLOOKUP(P118,'BASE TARIFA 2025'!C:D,2,0) -> WOMPI CENTRO | R118: =VLOOKUP(P118,'BASE TARIFA 2025'!C:F,4,0) -> 15709.5
A119: 11022 | B119: AGUA DE DIOS II - CUNDINAMARCA | C119: 51793924 | D119: 8342039 | E119: 3184579475 | F119: 3184579475 | G119: CR 9 13-39 41 CENTRO | H119: 4.3767326 | I119: -74.6699237 | J119: CUNDINAMARCA | K119: AGUA DE DIOS | L119: AGUA DE DIOS | M119: 25001 | N119: 2025-10-16 | O119: =VLOOKUP(A119,Hoja1!A:C,3,0) -> 16 | P119: =VLOOKUP(M119,[1]TIPOLOGIAS_CB!$A:$F,4,0) -> BOGOTA | Q119: =VLOOKUP(P119,'BASE TARIFA 2025'!C:D,2,0) -> WOMPI CENTRO | R119: =VLOOKUP(P119,'BASE TARIFA 2025'!C:F,4,0) -> 15709.5
A120: 70737 | B120: CENTRO AGUA DE DIOS | C120: 1082912414 | D120: 3044568376 | E120: 3107645735 | F120: 3044568376 | G120: CL 11 10 07 LOCAL 2,CENTRO | H120: 4.3767112 | I120: -74.6677771 | J120: CUNDINAMARCA | K120: AGUA DE DIOS | L120: AGUA DE DIOS | M120: 25001 | N120: 2025-10-16 | O120: =VLOOKUP(A120,Hoja1!A:C,3,0) -> 8 | P120: =VLOOKUP(M120,[1]TIPOLOGIAS_CB!$A:$F,4,0) -> BOGOTA | Q120: =VLOOKUP(P120,'BASE TARIFA 2025'!C:D,2,0) -> WOMPI CENTRO | R120: =VLOOKUP(P120,'BASE TARIFA 2025'!C:F,4,0) -> 15709.5
A121: 70738 | B121: CENTRO AGUA DE DIOS 1 | C121: 39573550 | D121: 3138274537 | E121: 3138274537 | F121: 3138274537 | G121: CR 10 13 09,CENTRO | H121: 4.3759646 | I121: -74.6693736 | J121: CUNDINAMARCA | K121: AGUA DE DIOS | L121: AGUA DE DIOS | M121: 25001 | N121: 2025-10-16 | O121: =VLOOKUP(A121,Hoja1!A:C,3,0) -> 16 | P121: =VLOOKUP(M121,[1]TIPOLOGIAS_CB!$A:$F,4,0) -> BOGOTA | Q121: =VLOOKUP(P121,'BASE TARIFA 2025'!C:D,2,0) -> WOMPI CENTRO | R121: =VLOOKUP(P121,'BASE TARIFA 2025'!C:F,4,0) -> 15709.5
...
