Workbook
Name A: #REF!
Name Actividad: [1]Formulas!$H$2:$H$5000
Name Analistas: '[2]Listas Desplegables'!$T$2:$T$7
Name arearesponsable: '[3]Listas desplegables'!$BB$2:$BB$100
Name CCO: [4]Tecnicos!$A$2:$A$1000
Name Clientes: [1]Clientes!$A$2:$A$100
Name Coordinadores: [1]Coordinadores!$A$2:$A$1000
Name Estado: [1]Formulas!$K$2:$K$5000
Name ESTADOS: '[5]Listas desplegables'!$B$1:$D$1
Name Facturacion: '[6]Listas desplegables'!$AO$1:$AR$1
Name FACTURACIÓN: '[5]Listas desplegables'!$Y$1:$AB$1
Name falla: #REF!
Name Fallas: '[7]Listas desplegables'!$F$2:$L$2
Name Grupo_Falla: '[8]Listas Desplegables'!$CH$2:$CH$5
Name inconservmanager: '[3]Listas desplegables'!$BC$2:$BC$100
Name INCUMPLIMIENTO: '[9]Listas desplegables'!$AT$1:$AX$1
Name LISTA: [10]Dptos!$A$1139:$A$1171
Name LISTA2: #REF!
Name LOLO: [11]Coordinadores!$A$2:$A$1000
Name solicitudes: '[12]Listas desplegables'!$AF$1:$AQ$1
Name Tecnicos: [1]Tecnicos!$A$2:$A$1000
Name Version: [1]Formulas!$I$2:$I$3

Sheet RESUMEN
A1: TOTAL GENERAL MES DE NOVIEMBRE
A2: MES | B2: NIT Proveedor | C2: Nombre Proveedor (el proveedor ya debe estar creado para el Grupo Bancolombia) | D2: Concepto Facturación | E2: Cantidad | F2: Valor por mes | G2: IVA | H2: Valor a Facturar con IVA
A3: =CONCATENATE(MID(A1,22,10)," DE 2025") -> NOVIEMBRE DE 2025 | B3: 811013990-5 | C3: LINEA COMUNICACIONES S.A.S | D3: Bodegaje, Embalaje y distribución | E3: 1 | F3: ='BODEGA Y EMBALAJE'!D6 -> 15703414 | G3: =F3*0.19 -> 2983648.6 | H3: =F3+G3 -> 18687063
A4: TOTAL A FACTURAR | F4: =SUM(F3:F3) -> 15703414 | G4: =SUM(G3:G3) -> 2983648.6 | H4: =SUM(H3:H3) -> 18687063

Sheet BASE DE LIQUIDACIÓN
A1: DETALLE | B1: VALOR 2025
A2: Bodegaje Nacional | B2: =78725.3372*(1+5.2%) -> 82819.055
A3: Material de Empaque | B3: =814381.5645*(1+5.2%) -> 856729.41
A4: Dsitribucion de material a nivel país
A5: 1-100 | B5: =868673.6688*(1+5.2%) -> 913844.7
A6: 101-150 | B6: =1447789.448*(1+5.2%) -> 1523074.5
A7: 151-225 | B7: =2171684.172*(1+5.2%) -> 2284611.7
A8: 226-275 | B8: =2895578.896*(1+5.2%) -> 3046149

Sheet BODEGA Y EMBALAJE
A1: =CONCATENATE("FACTURACIÓN PROYECTO CB BANCOLOMBIA ",RESUMEN!A3) -> FACTURACIÓN PROYECTO CB BANCOLOMBIA NOVIEMBRE DE 2025
A2: CONCEPTOS | B2: CANTIDAD/MTS | C2: VALOR UNITARIO | D2: VALOR TOTAL
A3: Material de empaque | B3: =B5 -> 1.4304636 | C3: ='BASE DE LIQUIDACIÓN'!B3 -> 856729.41 | D3: =B3*C3 -> 1225520.2
A4: Bodegaje Nacional | B4: 122.2 | C4: ='BASE DE LIQUIDACIÓN'!B2 -> 82819.055 | D4: =B4*C4 -> 10120488
A5: Distribución Nacional 151 - 225 | B5: =(140+76)/151 -> 1.4304636 | C5: ='BASE DE LIQUIDACIÓN'!B8 -> 3046149 | D5: =B5*C5 -> 4357405.2
A6: SUBTOTAL | D6: =SUM(D3:D5) -> 15703414
A7: Iva 19% | D7: =D6*0.19 -> 2983648.6
A8: TOTAL | D8: =D6+D7 -> 18687063
